timestamp,sensorname,productname,uom,value
2016-02-19T08:01:00+00:00,Counting Sampler,Aniseed Syrup,bottle,0
2016-02-19T08:02:00+00:00,Counting Sampler,Aniseed Syrup,bottle,2.5013
2016-02-19T08:03:00+00:00,Counting Sampler,Aniseed Syrup,bottle,1.5953
2016-02-19T08:04:00+00:00,Counting Sampler,Aniseed Syrup,bottle,1.6873
2016-02-19T08:05:00+00:00,Counting Sampler,Aniseed Syrup,bottle,6.0153
2016-02-19T08:06:00+00:00,Counting Sampler,Aniseed Syrup,bottle,5.7498
2016-02-19T08:07:00+00:00,Counting Sampler,Aniseed Syrup,bottle,0.7187
2016-02-19T08:08:00+00:00,Counting Sampler,Aniseed Syrup,bottle,6.5947
2016-02-19T08:09:00+00:00,Counting Sampler,Aniseed Syrup,bottle,5.7549
2016-02-19T08:10:00+00:00,Counting Sampler,Aniseed Syrup,bottle,5.3598
2016-02-19T08:11:00+00:00,Counting Sampler,Aniseed Syrup,bottle,6.6498
2016-02-19T08:12:00+00:00,Counting Sampler,Aniseed Syrup,bottle,5.9827
2016-02-19T08:13:00+00:00,Counting Sampler,Aniseed Syrup,bottle,6.424
2016-02-19T08:14:00+00:00,Counting Sampler,Aniseed Syrup,bottle,6.0722
2016-02-19T08:15:00+00:00,Counting Sampler,Aniseed Syrup,bottle,6.2793
2016-02-19T08:16:00+00:00,Counting Sampler,Aniseed Syrup,bottle,5.8758
2016-02-19T08:17:00+00:00,Counting Sampler,Aniseed Syrup,bottle,5.7247
2016-02-19T08:18:00+00:00,Counting Sampler,Aniseed Syrup,bottle,4.9204
2016-02-19T08:19:00+00:00,Counting Sampler,Aniseed Syrup,bottle,0.6045
2016-02-19T08:20:00+00:00,Counting Sampler,Aniseed Syrup,bottle,5.1958
2016-02-19T08:21:00+00:00,Counting Sampler,Aniseed Syrup,bottle,4.9916
2016-02-19T08:22:00+00:00,Counting Sampler,Aniseed Syrup,bottle,5.0229
2016-02-19T08:23:00+00:00,Counting Sampler,Aniseed Syrup,bottle,5.0495
2016-02-19T08:24:00+00:00,Counting Sampler,Aniseed Syrup,bottle,5.2267
2016-02-19T08:25:00+00:00,Counting Sampler,Aniseed Syrup,bottle,4.9638
2016-02-19T08:26:00+00:00,Counting Sampler,Aniseed Syrup,bottle,5.1991
2016-02-19T08:27:00+00:00,Counting Sampler,Aniseed Syrup,bottle,4.058
2016-02-19T08:28:00+00:00,Counting Sampler,Aniseed Syrup,bottle,1.0487
2016-02-19T08:29:00+00:00,Counting Sampler,Aniseed Syrup,bottle,5.0709
2016-02-19T08:30:00+00:00,Counting Sampler,Aniseed Syrup,bottle,4.958
2016-02-19T08:31:00+00:00,Counting Sampler,Aniseed Syrup,bottle,5.208
2016-02-19T08:32:00+00:00,Counting Sampler,Aniseed Syrup,bottle,5.154
2016-02-19T08:33:00+00:00,Counting Sampler,Aniseed Syrup,bottle,5.1793
2016-02-19T08:34:00+00:00,Counting Sampler,Aniseed Syrup,bottle,5.0142
2016-02-19T08:35:00+00:00,Counting Sampler,Aniseed Syrup,bottle,0.8055
2016-02-19T08:36:00+00:00,Counting Sampler,Aniseed Syrup,bottle,4.3502
2016-02-19T08:37:00+00:00,Counting Sampler,Aniseed Syrup,bottle,1.7925
2016-02-19T08:38:00+00:00,Counting Sampler,Aniseed Syrup,bottle,3.0778
2016-02-19T08:39:00+00:00,Counting Sampler,Aniseed Syrup,bottle,5.0835
2016-02-19T08:40:00+00:00,Counting Sampler,Aniseed Syrup,bottle,5.112
2016-02-19T08:41:00+00:00,Counting Sampler,Aniseed Syrup,bottle,5.1433
2016-02-19T08:42:00+00:00,Counting Sampler,Aniseed Syrup,bottle,4.9513
2016-02-19T08:43:00+00:00,Counting Sampler,Aniseed Syrup,bottle,0.4893
2016-02-19T08:44:00+00:00,Counting Sampler,Aniseed Syrup,bottle,4.5269
2016-02-19T08:45:00+00:00,Counting Sampler,Aniseed Syrup,bottle,5.1175
2016-02-19T08:46:00+00:00,Counting Sampler,Aniseed Syrup,bottle,4.8205
2016-02-19T08:47:00+00:00,Counting Sampler,Aniseed Syrup,bottle,5.0727
2016-02-19T08:48:00+00:00,Counting Sampler,Aniseed Syrup,bottle,4.8167
2016-02-19T08:49:00+00:00,Counting Sampler,Aniseed Syrup,bottle,5.0065
2016-02-19T08:50:00+00:00,Counting Sampler,Aniseed Syrup,bottle,5.2178
2016-02-19T08:51:00+00:00,Counting Sampler,Aniseed Syrup,bottle,5.1644
2016-02-19T08:52:00+00:00,Counting Sampler,Aniseed Syrup,bottle,4.8818
2016-02-19T08:53:00+00:00,Counting Sampler,Aniseed Syrup,bottle,5.0804
2016-02-19T08:54:00+00:00,Counting Sampler,Aniseed Syrup,bottle,5.0018
2016-02-19T08:55:00+00:00,Counting Sampler,Aniseed Syrup,bottle,5.1595
2016-02-19T08:56:00+00:00,Counting Sampler,Aniseed Syrup,bottle,4.7193
2016-02-19T08:57:00+00:00,Counting Sampler,Aniseed Syrup,bottle,5.1545
2016-02-19T08:58:00+00:00,Counting Sampler,Aniseed Syrup,bottle,1.1375
2016-02-19T08:59:00+00:00,Counting Sampler,Aniseed Syrup,bottle,3.7715
2016-02-19T09:00:00+00:00,Counting Sampler,Aniseed Syrup,bottle,5.3027
2016-02-19T09:01:00+00:00,Counting Sampler,Aniseed Syrup,bottle,4.7369
2016-02-19T09:02:00+00:00,Counting Sampler,Aniseed Syrup,bottle,5.1985
2016-02-19T09:03:00+00:00,Counting Sampler,Aniseed Syrup,bottle,4.912
2016-02-19T09:04:00+00:00,Counting Sampler,Aniseed Syrup,bottle,4.7805
2016-02-19T09:05:00+00:00,Counting Sampler,Aniseed Syrup,bottle,4.9633
2016-02-19T09:06:00+00:00,Counting Sampler,Aniseed Syrup,bottle,5.2422
2016-02-19T09:07:00+00:00,Counting Sampler,Aniseed Syrup,bottle,5.0371
2016-02-19T09:08:00+00:00,Counting Sampler,Aniseed Syrup,bottle,4.6691
2016-02-19T09:09:00+00:00,Counting Sampler,Aniseed Syrup,bottle,5.1065
2016-02-19T09:10:00+00:00,Counting Sampler,Aniseed Syrup,bottle,2.3551
2016-02-19T09:11:00+00:00,Counting Sampler,Aniseed Syrup,bottle,2.5715
2016-02-19T09:12:00+00:00,Counting Sampler,Aniseed Syrup,bottle,4.954
2016-02-19T09:13:00+00:00,Counting Sampler,Aniseed Syrup,bottle,5.2102
2016-02-19T09:14:00+00:00,Counting Sampler,Aniseed Syrup,bottle,4.9147
2016-02-19T09:15:00+00:00,Counting Sampler,Aniseed Syrup,bottle,5.1089
2016-02-19T09:16:00+00:00,Counting Sampler,Aniseed Syrup,bottle,4.9291
2016-02-19T09:17:00+00:00,Counting Sampler,Aniseed Syrup,bottle,5.054
2016-02-19T09:18:00+00:00,Counting Sampler,Aniseed Syrup,bottle,4.9511
2016-02-19T09:19:00+00:00,Counting Sampler,Aniseed Syrup,bottle,5.0716
2016-02-19T09:20:00+00:00,Counting Sampler,Aniseed Syrup,bottle,4.7564
2016-02-19T09:21:00+00:00,Counting Sampler,Aniseed Syrup,bottle,4.9309
2016-02-19T09:22:00+00:00,Counting Sampler,Aniseed Syrup,bottle,4.8758
2016-02-19T09:23:00+00:00,Counting Sampler,Aniseed Syrup,bottle,5.108
2016-02-19T09:24:00+00:00,Counting Sampler,Aniseed Syrup,bottle,5.1115
2016-02-19T09:25:00+00:00,Counting Sampler,Aniseed Syrup,bottle,4.9747
2016-02-19T09:26:00+00:00,Counting Sampler,Aniseed Syrup,bottle,4.8031
2016-02-19T09:27:00+00:00,Counting Sampler,Aniseed Syrup,bottle,5.0973
2016-02-19T09:28:00+00:00,Counting Sampler,Aniseed Syrup,bottle,4.9131
2016-02-19T09:29:00+00:00,Counting Sampler,Aniseed Syrup,bottle,5.0376
2016-02-19T09:30:00+00:00,Counting Sampler,Aniseed Syrup,bottle,5.1158
2016-02-19T09:31:00+00:00,Counting Sampler,Aniseed Syrup,bottle,5.0271
2016-02-19T09:32:00+00:00,Counting Sampler,Aniseed Syrup,bottle,1.4938
2016-02-19T09:33:00+00:00,Counting Sampler,Aniseed Syrup,bottle,3.312
2016-02-19T09:34:00+00:00,Counting Sampler,Aniseed Syrup,bottle,4.8575
2016-02-19T09:35:00+00:00,Counting Sampler,Aniseed Syrup,bottle,5.1671
2016-02-19T09:36:00+00:00,Counting Sampler,Aniseed Syrup,bottle,5.1042
2016-02-19T09:37:00+00:00,Counting Sampler,Aniseed Syrup,bottle,4.9227
2016-02-19T09:38:00+00:00,Counting Sampler,Aniseed Syrup,bottle,5.0431
2016-02-19T09:39:00+00:00,Counting Sampler,Aniseed Syrup,bottle,5.0658
2016-02-19T09:40:00+00:00,Counting Sampler,Aniseed Syrup,bottle,4.6415
2016-02-19T09:41:00+00:00,Counting Sampler,Aniseed Syrup,bottle,4.8631
2016-02-19T09:42:00+00:00,Counting Sampler,Aniseed Syrup,bottle,5.0038
2016-02-19T09:43:00+00:00,Counting Sampler,Aniseed Syrup,bottle,5.1529
2016-02-19T09:44:00+00:00,Counting Sampler,Aniseed Syrup,bottle,5.0735
2016-02-19T09:45:00+00:00,Counting Sampler,Aniseed Syrup,bottle,5.0075
2016-02-19T09:46:00+00:00,Counting Sampler,Aniseed Syrup,bottle,5.1518
2016-02-19T09:47:00+00:00,Counting Sampler,Aniseed Syrup,bottle,5.2047
2016-02-19T09:48:00+00:00,Counting Sampler,Aniseed Syrup,bottle,5.1333
2016-02-19T09:49:00+00:00,Counting Sampler,Aniseed Syrup,bottle,5.0045
2016-02-19T09:50:00+00:00,Counting Sampler,Aniseed Syrup,bottle,4.9375
2016-02-19T09:51:00+00:00,Counting Sampler,Aniseed Syrup,bottle,5.2278
2016-02-19T09:52:00+00:00,Counting Sampler,Aniseed Syrup,bottle,5.2565
2016-02-19T09:53:00+00:00,Counting Sampler,Aniseed Syrup,bottle,4.9653
2016-02-19T09:54:00+00:00,Counting Sampler,Aniseed Syrup,bottle,5.0224
2016-02-19T09:55:00+00:00,Counting Sampler,Aniseed Syrup,bottle,5.2211
2016-02-19T09:56:00+00:00,Counting Sampler,Aniseed Syrup,bottle,5.1362
2016-02-19T09:57:00+00:00,Counting Sampler,Aniseed Syrup,bottle,4.7827
2016-02-19T09:58:00+00:00,Counting Sampler,Aniseed Syrup,bottle,4.8687
2016-02-19T09:59:00+00:00,Counting Sampler,Aniseed Syrup,bottle,4.916
2016-02-19T10:00:00+00:00,Counting Sampler,Aniseed Syrup,bottle,5.0571
2016-02-19T10:01:00+00:00,Counting Sampler,Aniseed Syrup,bottle,4.9971
2016-02-19T10:02:00+00:00,Counting Sampler,Aniseed Syrup,bottle,5.0802
2016-02-19T10:03:00+00:00,Counting Sampler,Aniseed Syrup,bottle,4.6293
2016-02-19T10:04:00+00:00,Counting Sampler,Aniseed Syrup,bottle,0.2516
2016-02-19T10:05:00+00:00,Counting Sampler,Aniseed Syrup,bottle,4.8733
2016-02-19T10:06:00+00:00,Counting Sampler,Aniseed Syrup,bottle,5.1356
2016-02-19T10:07:00+00:00,Counting Sampler,Aniseed Syrup,bottle,3.0373
2016-02-19T10:08:00+00:00,Counting Sampler,Aniseed Syrup,bottle,1.9398
2016-02-19T10:09:00+00:00,Counting Sampler,Aniseed Syrup,bottle,5.0593
2016-02-19T10:10:00+00:00,Counting Sampler,Aniseed Syrup,bottle,3.8136
2016-02-19T10:11:00+00:00,Counting Sampler,Aniseed Syrup,bottle,1.5044
2016-02-19T10:12:00+00:00,Counting Sampler,Aniseed Syrup,bottle,5.0929
2016-02-19T10:13:00+00:00,Counting Sampler,Aniseed Syrup,bottle,4.9436
2016-02-19T10:14:00+00:00,Counting Sampler,Aniseed Syrup,bottle,0.1305
2016-02-19T10:15:00+00:00,Counting Sampler,Aniseed Syrup,bottle,4.9809
2016-02-19T10:16:00+00:00,Counting Sampler,Aniseed Syrup,bottle,0.9011
2016-02-19T10:17:00+00:00,Counting Sampler,Aniseed Syrup,bottle,4.2813
2016-02-19T10:18:00+00:00,Counting Sampler,Aniseed Syrup,bottle,1.7176
2016-02-19T10:19:00+00:00,Counting Sampler,Aniseed Syrup,bottle,3.3267
2016-02-19T10:20:00+00:00,Counting Sampler,Aniseed Syrup,bottle,5.0316
2016-02-19T10:21:00+00:00,Counting Sampler,Aniseed Syrup,bottle,5.1255
2016-02-19T10:22:00+00:00,Counting Sampler,Aniseed Syrup,bottle,3.0253
2016-02-19T10:23:00+00:00,Counting Sampler,Aniseed Syrup,bottle,1.8527
2016-02-19T10:24:00+00:00,Counting Sampler,Aniseed Syrup,bottle,3.4571
2016-02-19T10:25:00+00:00,Counting Sampler,Aniseed Syrup,bottle,0.5833
2016-02-19T10:26:00+00:00,Counting Sampler,Aniseed Syrup,bottle,1.1756
2016-02-19T10:27:00+00:00,Counting Sampler,Aniseed Syrup,bottle,5.1644
2016-02-19T10:28:00+00:00,Counting Sampler,Aniseed Syrup,bottle,5.0193
2016-02-19T10:29:00+00:00,Counting Sampler,Aniseed Syrup,bottle,5.0624
2016-02-19T10:30:00+00:00,Counting Sampler,Aniseed Syrup,bottle,4.9591
2016-02-19T10:31:00+00:00,Counting Sampler,Aniseed Syrup,bottle,5.0111
2016-02-19T10:32:00+00:00,Counting Sampler,Aniseed Syrup,bottle,5.0989
2016-02-19T10:33:00+00:00,Counting Sampler,Aniseed Syrup,bottle,5.0315
2016-02-19T10:34:00+00:00,Counting Sampler,Aniseed Syrup,bottle,4.9965
2016-02-19T10:35:00+00:00,Counting Sampler,Aniseed Syrup,bottle,4.8895
2016-02-19T10:36:00+00:00,Counting Sampler,Aniseed Syrup,bottle,5.0025
2016-02-19T10:37:00+00:00,Counting Sampler,Aniseed Syrup,bottle,1.666
2016-02-19T10:38:00+00:00,Counting Sampler,Aniseed Syrup,bottle,3.3065
2016-02-19T10:39:00+00:00,Counting Sampler,Aniseed Syrup,bottle,4.9529
2016-02-19T10:40:00+00:00,Counting Sampler,Aniseed Syrup,bottle,5.1033
2016-02-19T10:41:00+00:00,Counting Sampler,Aniseed Syrup,bottle,5.0576
2016-02-19T10:42:00+00:00,Counting Sampler,Aniseed Syrup,bottle,5.0711
2016-02-19T10:43:00+00:00,Counting Sampler,Aniseed Syrup,bottle,5.0744
2016-02-19T10:44:00+00:00,Counting Sampler,Aniseed Syrup,bottle,5.1402
2016-02-19T10:45:00+00:00,Counting Sampler,Aniseed Syrup,bottle,5.0589
2016-02-19T10:46:00+00:00,Counting Sampler,Aniseed Syrup,bottle,4.9011
2016-02-19T10:47:00+00:00,Counting Sampler,Aniseed Syrup,bottle,5.0025
2016-02-19T10:48:00+00:00,Counting Sampler,Aniseed Syrup,bottle,5.3416
2016-02-19T10:49:00+00:00,Counting Sampler,Aniseed Syrup,bottle,4.9849
2016-02-19T10:50:00+00:00,Counting Sampler,Aniseed Syrup,bottle,5.2516
2016-02-19T10:51:00+00:00,Counting Sampler,Aniseed Syrup,bottle,4.8393
2016-02-19T10:52:00+00:00,Counting Sampler,Aniseed Syrup,bottle,5.2251
2016-02-19T10:53:00+00:00,Counting Sampler,Aniseed Syrup,bottle,5.034
2016-02-19T10:54:00+00:00,Counting Sampler,Aniseed Syrup,bottle,5.3205
2016-02-19T10:55:00+00:00,Counting Sampler,Aniseed Syrup,bottle,4.9771
2016-02-19T10:56:00+00:00,Counting Sampler,Aniseed Syrup,bottle,5.0987
2016-02-19T10:57:00+00:00,Counting Sampler,Aniseed Syrup,bottle,4.9896
2016-02-19T10:58:00+00:00,Counting Sampler,Aniseed Syrup,bottle,4.4751
2016-02-19T10:59:00+00:00,Counting Sampler,Aniseed Syrup,bottle,5.1327
2016-02-19T11:00:00+00:00,Counting Sampler,Aniseed Syrup,bottle,5.4822
2016-02-19T11:01:00+00:00,Counting Sampler,Aniseed Syrup,bottle,4.9905
2016-02-19T11:02:00+00:00,Counting Sampler,Aniseed Syrup,bottle,4.882
2016-02-19T11:03:00+00:00,Counting Sampler,Aniseed Syrup,bottle,3.9945
2016-02-19T11:04:00+00:00,Counting Sampler,Aniseed Syrup,bottle,0.8211
2016-02-19T11:05:00+00:00,Counting Sampler,Aniseed Syrup,bottle,4.802
2016-02-19T11:06:00+00:00,Counting Sampler,Aniseed Syrup,bottle,4.9936
2016-02-19T11:07:00+00:00,Counting Sampler,Aniseed Syrup,bottle,5.2253
2016-02-19T11:08:00+00:00,Counting Sampler,Aniseed Syrup,bottle,4.9331
2016-02-19T11:09:00+00:00,Counting Sampler,Aniseed Syrup,bottle,1.922
2016-02-19T11:10:00+00:00,Counting Sampler,Aniseed Syrup,bottle,1.0069
2016-02-19T11:11:00+00:00,Counting Sampler,Aniseed Syrup,bottle,1.8865
2016-02-19T11:12:00+00:00,Counting Sampler,Aniseed Syrup,bottle,4.9633
2016-02-19T11:13:00+00:00,Counting Sampler,Aniseed Syrup,bottle,4.8962
2016-02-19T11:14:00+00:00,Counting Sampler,Aniseed Syrup,bottle,4.8867
2016-02-19T11:15:00+00:00,Counting Sampler,Aniseed Syrup,bottle,5.1364
2016-02-19T11:16:00+00:00,Counting Sampler,Aniseed Syrup,bottle,5.1738
2016-02-19T11:17:00+00:00,Counting Sampler,Aniseed Syrup,bottle,5.0796
2016-02-19T11:18:00+00:00,Counting Sampler,Aniseed Syrup,bottle,5.1316
2016-02-19T11:19:00+00:00,Counting Sampler,Aniseed Syrup,bottle,5.008
2016-02-19T11:20:00+00:00,Counting Sampler,Aniseed Syrup,bottle,4.316
2016-02-19T11:21:00+00:00,Counting Sampler,Aniseed Syrup,bottle,0.5473
2016-02-19T11:22:00+00:00,Counting Sampler,Aniseed Syrup,bottle,5.0624
2016-02-19T11:23:00+00:00,Counting Sampler,Aniseed Syrup,bottle,4.9638
2016-02-19T11:24:00+00:00,Counting Sampler,Aniseed Syrup,bottle,0.6391
2016-02-19T11:25:00+00:00,Counting Sampler,Aniseed Syrup,bottle,4.3333
2016-02-19T11:26:00+00:00,Counting Sampler,Aniseed Syrup,bottle,5.4084
2016-02-19T11:27:00+00:00,Counting Sampler,Aniseed Syrup,bottle,4.9844
2016-02-19T11:28:00+00:00,Counting Sampler,Aniseed Syrup,bottle,4.958
2016-02-19T11:29:00+00:00,Counting Sampler,Aniseed Syrup,bottle,5.2364
2016-02-19T11:30:00+00:00,Counting Sampler,Aniseed Syrup,bottle,5.186
2016-02-19T11:31:00+00:00,Counting Sampler,Aniseed Syrup,bottle,5.1335
2016-02-19T11:32:00+00:00,Counting Sampler,Aniseed Syrup,bottle,4.9964
2016-02-19T11:33:00+00:00,Counting Sampler,Aniseed Syrup,bottle,4.7765
2016-02-19T11:34:00+00:00,Counting Sampler,Aniseed Syrup,bottle,4.9196
2016-02-19T11:35:00+00:00,Counting Sampler,Aniseed Syrup,bottle,5.0995
2016-02-19T11:36:00+00:00,Counting Sampler,Aniseed Syrup,bottle,2.4082
2016-02-19T11:37:00+00:00,Counting Sampler,Aniseed Syrup,bottle,2.6893
2016-02-19T11:38:00+00:00,Counting Sampler,Aniseed Syrup,bottle,5.0991
2016-02-19T11:39:00+00:00,Counting Sampler,Aniseed Syrup,bottle,4.782
2016-02-19T11:40:00+00:00,Counting Sampler,Aniseed Syrup,bottle,5.0004
2016-02-19T11:41:00+00:00,Counting Sampler,Aniseed Syrup,bottle,4.9556
2016-02-19T11:42:00+00:00,Counting Sampler,Aniseed Syrup,bottle,4.878
2016-02-19T11:43:00+00:00,Counting Sampler,Aniseed Syrup,bottle,5.1462
2016-02-19T11:44:00+00:00,Counting Sampler,Aniseed Syrup,bottle,4.8915
2016-02-19T11:45:00+00:00,Counting Sampler,Aniseed Syrup,bottle,4.9173
2016-02-19T11:46:00+00:00,Counting Sampler,Aniseed Syrup,bottle,4.966
2016-02-19T11:47:00+00:00,Counting Sampler,Aniseed Syrup,bottle,4.8682
2016-02-19T11:48:00+00:00,Counting Sampler,Aniseed Syrup,bottle,4.7604
2016-02-19T11:49:00+00:00,Counting Sampler,Aniseed Syrup,bottle,5.2845
2016-02-19T11:50:00+00:00,Counting Sampler,Aniseed Syrup,bottle,5.0304
2016-02-19T11:51:00+00:00,Counting Sampler,Aniseed Syrup,bottle,5.0224
2016-02-19T11:52:00+00:00,Counting Sampler,Aniseed Syrup,bottle,3.5776
2016-02-19T11:53:00+00:00,Counting Sampler,Aniseed Syrup,bottle,1.2235
2016-02-19T11:54:00+00:00,Counting Sampler,Aniseed Syrup,bottle,4.9751
2016-02-19T11:55:00+00:00,Counting Sampler,Aniseed Syrup,bottle,4.9807
2016-02-19T11:56:00+00:00,Counting Sampler,Aniseed Syrup,bottle,4.8505
2016-02-19T11:57:00+00:00,Counting Sampler,Aniseed Syrup,bottle,4.9556
2016-02-19T11:58:00+00:00,Counting Sampler,Aniseed Syrup,bottle,5.2565
2016-02-19T11:59:00+00:00,Counting Sampler,Aniseed Syrup,bottle,5.0247
2016-02-19T12:00:00+00:00,Counting Sampler,Aniseed Syrup,bottle,5.1307
2016-02-19T12:01:00+00:00,Counting Sampler,Aniseed Syrup,bottle,5.2169
2016-02-19T12:02:00+00:00,Counting Sampler,Aniseed Syrup,bottle,4.6276
2016-02-19T12:03:00+00:00,Counting Sampler,Aniseed Syrup,bottle,4.8944
2016-02-19T12:04:00+00:00,Counting Sampler,Aniseed Syrup,bottle,4.9696
2016-02-19T12:05:00+00:00,Counting Sampler,Aniseed Syrup,bottle,4.8702
2016-02-19T12:06:00+00:00,Counting Sampler,Aniseed Syrup,bottle,5.1764
2016-02-19T12:07:00+00:00,Counting Sampler,Aniseed Syrup,bottle,5.0495
2016-02-19T12:08:00+00:00,Counting Sampler,Aniseed Syrup,bottle,4.7127
2016-02-19T12:09:00+00:00,Counting Sampler,Aniseed Syrup,bottle,5.0987
2016-02-19T12:10:00+00:00,Counting Sampler,Aniseed Syrup,bottle,5.1055
2016-02-19T12:11:00+00:00,Counting Sampler,Aniseed Syrup,bottle,4.8673
2016-02-19T12:12:00+00:00,Counting Sampler,Aniseed Syrup,bottle,4.8373
2016-02-19T12:13:00+00:00,Counting Sampler,Aniseed Syrup,bottle,5.1656
2016-02-19T12:14:00+00:00,Counting Sampler,Aniseed Syrup,bottle,4.992
2016-02-19T12:15:00+00:00,Counting Sampler,Aniseed Syrup,bottle,5.0367
2016-02-19T12:16:00+00:00,Counting Sampler,Aniseed Syrup,bottle,5.0916
2016-02-19T12:17:00+00:00,Counting Sampler,Aniseed Syrup,bottle,5.1631
2016-02-19T12:18:00+00:00,Counting Sampler,Aniseed Syrup,bottle,4.9642
2016-02-19T12:19:00+00:00,Counting Sampler,Aniseed Syrup,bottle,5.0995
2016-02-19T12:20:00+00:00,Counting Sampler,Aniseed Syrup,bottle,4.8567
2016-02-19T12:21:00+00:00,Counting Sampler,Aniseed Syrup,bottle,5.0462
2016-02-19T12:22:00+00:00,Counting Sampler,Aniseed Syrup,bottle,4.9695
2016-02-19T12:23:00+00:00,Counting Sampler,Aniseed Syrup,bottle,1.0149
2016-02-19T12:24:00+00:00,Counting Sampler,Aniseed Syrup,bottle,3.8475
2016-02-19T12:25:00+00:00,Counting Sampler,Aniseed Syrup,bottle,4.9185
2016-02-19T12:26:00+00:00,Counting Sampler,Aniseed Syrup,bottle,4.6216
2016-02-19T12:27:00+00:00,Counting Sampler,Aniseed Syrup,bottle,4.864
2016-02-19T12:28:00+00:00,Counting Sampler,Aniseed Syrup,bottle,5.2515
2016-02-19T12:29:00+00:00,Counting Sampler,Aniseed Syrup,bottle,4.9551
2016-02-19T12:30:00+00:00,Counting Sampler,Aniseed Syrup,bottle,5.0702
2016-02-19T12:31:00+00:00,Counting Sampler,Aniseed Syrup,bottle,0.6305
2016-02-19T12:32:00+00:00,Counting Sampler,Aniseed Syrup,bottle,4.4135
2016-02-19T12:33:00+00:00,Counting Sampler,Aniseed Syrup,bottle,4.9345
2016-02-19T12:34:00+00:00,Counting Sampler,Aniseed Syrup,bottle,0.3327
2016-02-19T12:35:00+00:00,Counting Sampler,Aniseed Syrup,bottle,3.7989
2016-02-19T12:36:00+00:00,Counting Sampler,Aniseed Syrup,bottle,1.2684
2016-02-19T12:37:00+00:00,Counting Sampler,Aniseed Syrup,bottle,5.2049
2016-02-19T12:38:00+00:00,Counting Sampler,Aniseed Syrup,bottle,5.2142
2016-02-19T12:39:00+00:00,Counting Sampler,Aniseed Syrup,bottle,4.8962
2016-02-19T12:40:00+00:00,Counting Sampler,Aniseed Syrup,bottle,4.9505
2016-02-19T12:41:00+00:00,Counting Sampler,Aniseed Syrup,bottle,5.1296
2016-02-19T12:42:00+00:00,Counting Sampler,Aniseed Syrup,bottle,4.8502
2016-02-19T12:43:00+00:00,Counting Sampler,Aniseed Syrup,bottle,3.1245
2016-02-19T12:44:00+00:00,Counting Sampler,Aniseed Syrup,bottle,2.1931
2016-02-19T12:45:00+00:00,Counting Sampler,Aniseed Syrup,bottle,4.8756
2016-02-19T12:46:00+00:00,Counting Sampler,Aniseed Syrup,bottle,4.6185
2016-02-19T12:47:00+00:00,Counting Sampler,Aniseed Syrup,bottle,5.0505
2016-02-19T12:48:00+00:00,Counting Sampler,Aniseed Syrup,bottle,5.0855
2016-02-19T12:49:00+00:00,Counting Sampler,Aniseed Syrup,bottle,5.0902
2016-02-19T12:50:00+00:00,Counting Sampler,Aniseed Syrup,bottle,4.8365
2016-02-19T12:51:00+00:00,Counting Sampler,Aniseed Syrup,bottle,3.2313
2016-02-19T12:52:00+00:00,Counting Sampler,Aniseed Syrup,bottle,1.8916
2016-02-19T12:53:00+00:00,Counting Sampler,Aniseed Syrup,bottle,2.2089
2016-02-19T12:54:00+00:00,Counting Sampler,Aniseed Syrup,bottle,0.4125
2016-02-19T12:55:00+00:00,Counting Sampler,Aniseed Syrup,bottle,2.3635
2016-02-19T12:56:00+00:00,Counting Sampler,Aniseed Syrup,bottle,4.9842
2016-02-19T12:57:00+00:00,Counting Sampler,Aniseed Syrup,bottle,5.1142
2016-02-19T12:58:00+00:00,Counting Sampler,Aniseed Syrup,bottle,2.0196
2016-02-19T12:59:00+00:00,Counting Sampler,Aniseed Syrup,bottle,3.0198
2016-02-19T13:00:00+00:00,Counting Sampler,Aniseed Syrup,bottle,4.9135
2016-02-19T13:01:00+00:00,Counting Sampler,Aniseed Syrup,bottle,5.284
2016-02-19T13:02:00+00:00,Counting Sampler,Aniseed Syrup,bottle,4.8936
2016-02-19T13:03:00+00:00,Counting Sampler,Aniseed Syrup,bottle,1.3744
2016-02-19T13:04:00+00:00,Counting Sampler,Aniseed Syrup,bottle,3.7753
2016-02-19T13:05:00+00:00,Counting Sampler,Aniseed Syrup,bottle,4.9951
2016-02-19T13:06:00+00:00,Counting Sampler,Aniseed Syrup,bottle,4.8715
2016-02-19T13:07:00+00:00,Counting Sampler,Aniseed Syrup,bottle,5.0387
2016-02-19T13:08:00+00:00,Counting Sampler,Aniseed Syrup,bottle,3.4473
2016-02-19T13:09:00+00:00,Counting Sampler,Aniseed Syrup,bottle,1.4498
2016-02-19T13:10:00+00:00,Counting Sampler,Aniseed Syrup,bottle,4.9409
2016-02-19T13:11:00+00:00,Counting Sampler,Aniseed Syrup,bottle,5.1967
2016-02-19T13:12:00+00:00,Counting Sampler,Aniseed Syrup,bottle,4.8593
2016-02-19T13:13:00+00:00,Counting Sampler,Aniseed Syrup,bottle,4.7871
2016-02-19T13:14:00+00:00,Counting Sampler,Aniseed Syrup,bottle,5.0538
2016-02-19T13:15:00+00:00,Counting Sampler,Aniseed Syrup,bottle,4.9904
2016-02-19T13:16:00+00:00,Counting Sampler,Aniseed Syrup,bottle,3.4536
2016-02-19T13:17:00+00:00,Counting Sampler,Aniseed Syrup,bottle,1.5078
2016-02-19T13:18:00+00:00,Counting Sampler,Aniseed Syrup,bottle,4.9704
2016-02-19T13:19:00+00:00,Counting Sampler,Aniseed Syrup,bottle,5.2647
2016-02-19T13:20:00+00:00,Counting Sampler,Aniseed Syrup,bottle,5.0273
2016-02-19T13:21:00+00:00,Counting Sampler,Aniseed Syrup,bottle,5.336
2016-02-19T13:22:00+00:00,Counting Sampler,Aniseed Syrup,bottle,4.9865
2016-02-19T13:23:00+00:00,Counting Sampler,Aniseed Syrup,bottle,4.9196
2016-02-19T13:24:00+00:00,Counting Sampler,Aniseed Syrup,bottle,4.0518
2016-02-19T13:25:00+00:00,Counting Sampler,Aniseed Syrup,bottle,0.7027
2016-02-19T13:26:00+00:00,Counting Sampler,Aniseed Syrup,bottle,4.9851
2016-02-19T13:27:00+00:00,Counting Sampler,Aniseed Syrup,bottle,0.7562
2016-02-19T13:28:00+00:00,Counting Sampler,Aniseed Syrup,bottle,4.4745
2016-02-19T13:29:00+00:00,Counting Sampler,Aniseed Syrup,bottle,4.8871
2016-02-19T13:30:00+00:00,Counting Sampler,Aniseed Syrup,bottle,5.1516
2016-02-19T13:31:00+00:00,Counting Sampler,Aniseed Syrup,bottle,4.9582
2016-02-19T13:32:00+00:00,Counting Sampler,Aniseed Syrup,bottle,5.0416
2016-02-19T13:33:00+00:00,Counting Sampler,Aniseed Syrup,bottle,5.2471
2016-02-19T13:34:00+00:00,Counting Sampler,Aniseed Syrup,bottle,4.6384
2016-02-19T13:35:00+00:00,Counting Sampler,Aniseed Syrup,bottle,5.1105
2016-02-19T13:36:00+00:00,Counting Sampler,Aniseed Syrup,bottle,4.6836
2016-02-19T13:37:00+00:00,Counting Sampler,Aniseed Syrup,bottle,4.6662
2016-02-19T13:38:00+00:00,Counting Sampler,Aniseed Syrup,bottle,0.3196
2016-02-19T13:39:00+00:00,Counting Sampler,Aniseed Syrup,bottle,5.0065
2016-02-19T13:40:00+00:00,Counting Sampler,Aniseed Syrup,bottle,4.9378
2016-02-19T13:41:00+00:00,Counting Sampler,Aniseed Syrup,bottle,5.1176
2016-02-19T13:42:00+00:00,Counting Sampler,Aniseed Syrup,bottle,0.4473
2016-02-19T13:43:00+00:00,Counting Sampler,Aniseed Syrup,bottle,4.4867
2016-02-19T13:44:00+00:00,Counting Sampler,Aniseed Syrup,bottle,5.1505
2016-02-19T13:45:00+00:00,Counting Sampler,Aniseed Syrup,bottle,1.7096
2016-02-19T13:46:00+00:00,Counting Sampler,Aniseed Syrup,bottle,3.2762
2016-02-19T13:47:00+00:00,Counting Sampler,Aniseed Syrup,bottle,5.1015
2016-02-19T13:48:00+00:00,Counting Sampler,Aniseed Syrup,bottle,4.8093
2016-02-19T13:49:00+00:00,Counting Sampler,Aniseed Syrup,bottle,4.8511
2016-02-19T13:50:00+00:00,Counting Sampler,Aniseed Syrup,bottle,4.9691
2016-02-19T13:51:00+00:00,Counting Sampler,Aniseed Syrup,bottle,5.14
2016-02-19T13:52:00+00:00,Counting Sampler,Aniseed Syrup,bottle,4.9878
2016-02-19T13:53:00+00:00,Counting Sampler,Aniseed Syrup,bottle,1.5524
2016-02-19T13:54:00+00:00,Counting Sampler,Aniseed Syrup,bottle,3.284
2016-02-19T13:55:00+00:00,Counting Sampler,Aniseed Syrup,bottle,4.956
2016-02-19T13:56:00+00:00,Counting Sampler,Aniseed Syrup,bottle,5.174
2016-02-19T13:57:00+00:00,Counting Sampler,Aniseed Syrup,bottle,5.1284
2016-02-19T13:58:00+00:00,Counting Sampler,Aniseed Syrup,bottle,2.624
2016-02-19T13:59:00+00:00,Counting Sampler,Aniseed Syrup,bottle,2.534
2016-02-19T14:00:00+00:00,Counting Sampler,Aniseed Syrup,bottle,5.0593
2016-02-19T14:01:00+00:00,Counting Sampler,Aniseed Syrup,bottle,5.1787
2016-02-19T14:02:00+00:00,Counting Sampler,Aniseed Syrup,bottle,5.0038
2016-02-19T14:03:00+00:00,Counting Sampler,Aniseed Syrup,bottle,4.9851
2016-02-19T14:04:00+00:00,Counting Sampler,Aniseed Syrup,bottle,4.9153
2016-02-19T14:05:00+00:00,Counting Sampler,Aniseed Syrup,bottle,4.9436
2016-02-19T14:06:00+00:00,Counting Sampler,Aniseed Syrup,bottle,5.0145
2016-02-19T14:07:00+00:00,Counting Sampler,Aniseed Syrup,bottle,3.6413
2016-02-19T14:08:00+00:00,Counting Sampler,Aniseed Syrup,bottle,1.3645
2016-02-19T14:09:00+00:00,Counting Sampler,Aniseed Syrup,bottle,5.1173
2016-02-19T14:10:00+00:00,Counting Sampler,Aniseed Syrup,bottle,4.9395
2016-02-19T14:11:00+00:00,Counting Sampler,Aniseed Syrup,bottle,4.9231
2016-02-19T14:12:00+00:00,Counting Sampler,Aniseed Syrup,bottle,5.3193
2016-02-19T14:13:00+00:00,Counting Sampler,Aniseed Syrup,bottle,3.0871
2016-02-19T14:14:00+00:00,Counting Sampler,Aniseed Syrup,bottle,1.9482
2016-02-19T14:15:00+00:00,Counting Sampler,Aniseed Syrup,bottle,5.0976
2016-02-19T14:16:00+00:00,Counting Sampler,Aniseed Syrup,bottle,5.0742
2016-02-19T14:17:00+00:00,Counting Sampler,Aniseed Syrup,bottle,4.7922
2016-02-19T14:18:00+00:00,Counting Sampler,Aniseed Syrup,bottle,5.2045
2016-02-19T14:19:00+00:00,Counting Sampler,Aniseed Syrup,bottle,5.1015
2016-02-19T14:20:00+00:00,Counting Sampler,Aniseed Syrup,bottle,5.2885
2016-02-19T14:21:00+00:00,Counting Sampler,Aniseed Syrup,bottle,5.3236
2016-02-19T14:22:00+00:00,Counting Sampler,Aniseed Syrup,bottle,4.9551
2016-02-19T14:23:00+00:00,Counting Sampler,Aniseed Syrup,bottle,4.7662
2016-02-19T14:24:00+00:00,Counting Sampler,Aniseed Syrup,bottle,5.0944
2016-02-19T14:25:00+00:00,Counting Sampler,Aniseed Syrup,bottle,5.0184
2016-02-19T14:26:00+00:00,Counting Sampler,Aniseed Syrup,bottle,4.9138
2016-02-19T14:27:00+00:00,Counting Sampler,Aniseed Syrup,bottle,4.9716
2016-02-19T14:28:00+00:00,Counting Sampler,Aniseed Syrup,bottle,4.9335
2016-02-19T14:29:00+00:00,Counting Sampler,Aniseed Syrup,bottle,5.134
2016-02-19T14:30:00+00:00,Counting Sampler,Aniseed Syrup,bottle,5.2498
2016-02-19T14:31:00+00:00,Counting Sampler,Aniseed Syrup,bottle,4.9725
2016-02-19T14:32:00+00:00,Counting Sampler,Aniseed Syrup,bottle,4.7707
2016-02-19T14:33:00+00:00,Counting Sampler,Aniseed Syrup,bottle,0.4695
2016-02-19T14:34:00+00:00,Counting Sampler,Aniseed Syrup,bottle,4.7518
2016-02-19T14:35:00+00:00,Counting Sampler,Aniseed Syrup,bottle,5.2536
2016-02-19T14:36:00+00:00,Counting Sampler,Aniseed Syrup,bottle,1.0338
2016-02-19T14:37:00+00:00,Counting Sampler,Aniseed Syrup,bottle,3.9602
2016-02-19T14:38:00+00:00,Counting Sampler,Aniseed Syrup,bottle,4.9733
2016-02-19T14:39:00+00:00,Counting Sampler,Aniseed Syrup,bottle,4.7025
2016-02-19T14:40:00+00:00,Counting Sampler,Aniseed Syrup,bottle,0.0724
2016-02-19T14:41:00+00:00,Counting Sampler,Aniseed Syrup,bottle,4.9669
2016-02-19T14:42:00+00:00,Counting Sampler,Aniseed Syrup,bottle,4.8393
2016-02-19T14:43:00+00:00,Counting Sampler,Aniseed Syrup,bottle,4.9242
2016-02-19T14:44:00+00:00,Counting Sampler,Aniseed Syrup,bottle,5.1105
2016-02-19T14:45:00+00:00,Counting Sampler,Aniseed Syrup,bottle,5.0882
2016-02-19T14:46:00+00:00,Counting Sampler,Aniseed Syrup,bottle,4.7911
2016-02-19T14:47:00+00:00,Counting Sampler,Aniseed Syrup,bottle,5.048
2016-02-19T14:48:00+00:00,Counting Sampler,Aniseed Syrup,bottle,4.8727
2016-02-19T14:49:00+00:00,Counting Sampler,Aniseed Syrup,bottle,4.8695
2016-02-19T14:50:00+00:00,Counting Sampler,Aniseed Syrup,bottle,5.02
2016-02-19T14:51:00+00:00,Counting Sampler,Aniseed Syrup,bottle,4.8256
2016-02-19T14:52:00+00:00,Counting Sampler,Aniseed Syrup,bottle,4.9631
2016-02-19T14:53:00+00:00,Counting Sampler,Aniseed Syrup,bottle,4.9751
2016-02-19T14:54:00+00:00,Counting Sampler,Aniseed Syrup,bottle,4.8902
2016-02-19T14:55:00+00:00,Counting Sampler,Aniseed Syrup,bottle,0.5825
2016-02-19T14:56:00+00:00,Counting Sampler,Aniseed Syrup,bottle,4.5465
2016-02-19T14:57:00+00:00,Counting Sampler,Aniseed Syrup,bottle,5.1722
2016-02-19T14:58:00+00:00,Counting Sampler,Aniseed Syrup,bottle,5.4007
2016-02-19T14:59:00+00:00,Counting Sampler,Aniseed Syrup,bottle,5.1067
2016-02-19T15:00:00+00:00,Counting Sampler,Aniseed Syrup,bottle,5.0476
2016-02-19T15:01:00+00:00,Counting Sampler,Aniseed Syrup,bottle,5.1202
2016-02-19T15:02:00+00:00,Counting Sampler,Aniseed Syrup,bottle,4.9525
2016-02-19T15:03:00+00:00,Counting Sampler,Aniseed Syrup,bottle,5.1518
2016-02-19T15:04:00+00:00,Counting Sampler,Aniseed Syrup,bottle,4.932
2016-02-19T15:05:00+00:00,Counting Sampler,Aniseed Syrup,bottle,5.0751
2016-02-19T15:06:00+00:00,Counting Sampler,Aniseed Syrup,bottle,1.7822
2016-02-19T15:07:00+00:00,Counting Sampler,Aniseed Syrup,bottle,3.1918
2016-02-19T15:08:00+00:00,Counting Sampler,Aniseed Syrup,bottle,4.9607
2016-02-19T15:09:00+00:00,Counting Sampler,Aniseed Syrup,bottle,4.8004
2016-02-19T15:10:00+00:00,Counting Sampler,Aniseed Syrup,bottle,4.8935
2016-02-19T15:11:00+00:00,Counting Sampler,Aniseed Syrup,bottle,5.3705
2016-02-19T15:12:00+00:00,Counting Sampler,Aniseed Syrup,bottle,4.8998
2016-02-19T15:13:00+00:00,Counting Sampler,Aniseed Syrup,bottle,4.9849
2016-02-19T15:14:00+00:00,Counting Sampler,Aniseed Syrup,bottle,4.9676
2016-02-19T15:15:00+00:00,Counting Sampler,Aniseed Syrup,bottle,4.9769
2016-02-19T15:16:00+00:00,Counting Sampler,Aniseed Syrup,bottle,4.9522
2016-02-19T15:17:00+00:00,Counting Sampler,Aniseed Syrup,bottle,3.7365
2016-02-19T15:18:00+00:00,Counting Sampler,Aniseed Syrup,bottle,1.2495
2016-02-19T15:19:00+00:00,Counting Sampler,Aniseed Syrup,bottle,4.9676
2016-02-19T15:20:00+00:00,Counting Sampler,Aniseed Syrup,bottle,5.0275
2016-02-19T15:21:00+00:00,Counting Sampler,Aniseed Syrup,bottle,5.0398
2016-02-19T15:22:00+00:00,Counting Sampler,Aniseed Syrup,bottle,5.0269
2016-02-19T15:23:00+00:00,Counting Sampler,Aniseed Syrup,bottle,5.0653
2016-02-19T15:24:00+00:00,Counting Sampler,Aniseed Syrup,bottle,5.3153
2016-02-19T15:25:00+00:00,Counting Sampler,Aniseed Syrup,bottle,4.8605
2016-02-19T15:26:00+00:00,Counting Sampler,Aniseed Syrup,bottle,4.9198
2016-02-19T15:27:00+00:00,Counting Sampler,Aniseed Syrup,bottle,5.1378
2016-02-19T15:28:00+00:00,Counting Sampler,Aniseed Syrup,bottle,1.1538
2016-02-19T15:29:00+00:00,Counting Sampler,Aniseed Syrup,bottle,3.892
2016-02-19T15:30:00+00:00,Counting Sampler,Aniseed Syrup,bottle,4.846
2016-02-19T15:31:00+00:00,Counting Sampler,Aniseed Syrup,bottle,0.1004
2016-02-19T15:32:00+00:00,Counting Sampler,Aniseed Syrup,bottle,0.5709
2016-02-19T15:33:00+00:00,Counting Sampler,Aniseed Syrup,bottle,4.4709
2016-02-19T15:34:00+00:00,Counting Sampler,Aniseed Syrup,bottle,4.9889
2016-02-19T15:35:00+00:00,Counting Sampler,Aniseed Syrup,bottle,5.1018
2016-02-19T15:36:00+00:00,Counting Sampler,Aniseed Syrup,bottle,4.7933
2016-02-19T15:37:00+00:00,Counting Sampler,Aniseed Syrup,bottle,4.9536
2016-02-19T15:38:00+00:00,Counting Sampler,Aniseed Syrup,bottle,4.9996
2016-02-19T15:39:00+00:00,Counting Sampler,Aniseed Syrup,bottle,1.8387
2016-02-19T15:40:00+00:00,Counting Sampler,Aniseed Syrup,bottle,3.0576
2016-02-19T15:41:00+00:00,Counting Sampler,Aniseed Syrup,bottle,5.0133
2016-02-19T15:42:00+00:00,Counting Sampler,Aniseed Syrup,bottle,4.9209
2016-02-19T15:43:00+00:00,Counting Sampler,Aniseed Syrup,bottle,4.8424
2016-02-19T15:44:00+00:00,Counting Sampler,Aniseed Syrup,bottle,0.4009
2016-02-19T15:45:00+00:00,Counting Sampler,Aniseed Syrup,bottle,3.0165
2016-02-19T15:46:00+00:00,Counting Sampler,Aniseed Syrup,bottle,1.9233
2016-02-19T15:47:00+00:00,Counting Sampler,Aniseed Syrup,bottle,4.8918
2016-02-19T15:48:00+00:00,Counting Sampler,Aniseed Syrup,bottle,1.9409
2016-02-19T15:49:00+00:00,Counting Sampler,Aniseed Syrup,bottle,2.8876
2016-02-19T15:50:00+00:00,Counting Sampler,Aniseed Syrup,bottle,4.9524
2016-02-19T15:51:00+00:00,Counting Sampler,Aniseed Syrup,bottle,2.46
2016-02-19T15:52:00+00:00,Counting Sampler,Aniseed Syrup,bottle,2.6709
2016-02-19T15:53:00+00:00,Counting Sampler,Aniseed Syrup,bottle,4.716
2016-02-19T15:54:00+00:00,Counting Sampler,Aniseed Syrup,bottle,2.9156
2016-02-19T15:55:00+00:00,Counting Sampler,Aniseed Syrup,bottle,1.9585
2016-02-19T15:56:00+00:00,Counting Sampler,Aniseed Syrup,bottle,4.8318
2016-02-19T15:57:00+00:00,Counting Sampler,Aniseed Syrup,bottle,5.1047
2016-02-19T15:58:00+00:00,Counting Sampler,Aniseed Syrup,bottle,4.9916
2016-02-19T15:59:00+00:00,Counting Sampler,Aniseed Syrup,bottle,5.4995
2016-02-19T16:00:00+00:00,Counting Sampler,Aniseed Syrup,bottle,5.1251
2016-02-19T16:01:00+00:00,Counting Sampler,Aniseed Syrup,bottle,4.7231
2016-02-19T16:02:00+00:00,Counting Sampler,Aniseed Syrup,bottle,4.9791
2016-02-19T16:03:00+00:00,Counting Sampler,Aniseed Syrup,bottle,4.9516
2016-02-19T16:04:00+00:00,Counting Sampler,Aniseed Syrup,bottle,5.0605
2016-02-19T16:05:00+00:00,Counting Sampler,Aniseed Syrup,bottle,5.0491
2016-02-19T16:06:00+00:00,Counting Sampler,Aniseed Syrup,bottle,4.8187
2016-02-19T16:07:00+00:00,Counting Sampler,Aniseed Syrup,bottle,0.1915
2016-02-19T16:08:00+00:00,Counting Sampler,Aniseed Syrup,bottle,5.1964
2016-02-19T16:09:00+00:00,Counting Sampler,Aniseed Syrup,bottle,5.0565
2016-02-19T16:10:00+00:00,Counting Sampler,Aniseed Syrup,bottle,5.1624
2016-02-19T16:11:00+00:00,Counting Sampler,Aniseed Syrup,bottle,2.0125
2016-02-19T16:12:00+00:00,Counting Sampler,Aniseed Syrup,bottle,2.8675
2016-02-19T16:13:00+00:00,Counting Sampler,Aniseed Syrup,bottle,1.1353
2016-02-19T16:14:00+00:00,Counting Sampler,Aniseed Syrup,bottle,3.5573
2016-02-19T16:15:00+00:00,Counting Sampler,Aniseed Syrup,bottle,0.2765
2016-02-19T16:16:00+00:00,Counting Sampler,Aniseed Syrup,bottle,4.99
2016-02-19T16:17:00+00:00,Counting Sampler,Aniseed Syrup,bottle,4.9618
2016-02-19T16:18:00+00:00,Counting Sampler,Aniseed Syrup,bottle,5.1396
2016-02-19T16:19:00+00:00,Counting Sampler,Aniseed Syrup,bottle,4.7522
2016-02-19T16:20:00+00:00,Counting Sampler,Aniseed Syrup,bottle,5.0664
2016-02-19T16:21:00+00:00,Counting Sampler,Aniseed Syrup,bottle,4.976
2016-02-19T16:22:00+00:00,Counting Sampler,Aniseed Syrup,bottle,4.8558
2016-02-19T16:23:00+00:00,Counting Sampler,Aniseed Syrup,bottle,3.8915
2016-02-19T16:24:00+00:00,Counting Sampler,Aniseed Syrup,bottle,1.1429
2016-02-19T16:25:00+00:00,Counting Sampler,Aniseed Syrup,bottle,5.1316
2016-02-19T16:26:00+00:00,Counting Sampler,Aniseed Syrup,bottle,5.006
2016-02-19T16:27:00+00:00,Counting Sampler,Aniseed Syrup,bottle,4.8211
2016-02-19T16:28:00+00:00,Counting Sampler,Aniseed Syrup,bottle,5.0258
2016-02-19T16:29:00+00:00,Counting Sampler,Aniseed Syrup,bottle,5.1498
2016-02-19T16:30:00+00:00,Counting Sampler,Aniseed Syrup,bottle,0.5324
2016-02-19T16:31:00+00:00,Counting Sampler,Aniseed Syrup,bottle,4.5842
2016-02-19T16:32:00+00:00,Counting Sampler,Aniseed Syrup,bottle,5.0424
2016-02-19T16:33:00+00:00,Counting Sampler,Aniseed Syrup,bottle,5.0069
2016-02-19T16:34:00+00:00,Counting Sampler,Aniseed Syrup,bottle,5.2438
2016-02-19T16:35:00+00:00,Counting Sampler,Aniseed Syrup,bottle,5.0867
2016-02-19T16:36:00+00:00,Counting Sampler,Aniseed Syrup,bottle,4.8458
2016-02-19T16:37:00+00:00,Counting Sampler,Aniseed Syrup,bottle,4.7944
2016-02-19T16:38:00+00:00,Counting Sampler,Aniseed Syrup,bottle,4.9335
2016-02-19T16:39:00+00:00,Counting Sampler,Aniseed Syrup,bottle,4.2825
2016-02-19T16:40:00+00:00,Counting Sampler,Aniseed Syrup,bottle,0.7836
2016-02-19T16:41:00+00:00,Counting Sampler,Aniseed Syrup,bottle,3.7027
2016-02-19T16:42:00+00:00,Counting Sampler,Aniseed Syrup,bottle,1.1338
2016-02-19T16:43:00+00:00,Counting Sampler,Aniseed Syrup,bottle,5.0611
2016-02-19T16:44:00+00:00,Counting Sampler,Aniseed Syrup,bottle,4.7791
2016-02-19T16:45:00+00:00,Counting Sampler,Aniseed Syrup,bottle,4.974
2016-02-19T16:46:00+00:00,Counting Sampler,Aniseed Syrup,bottle,4.7555
2016-02-19T16:47:00+00:00,Counting Sampler,Aniseed Syrup,bottle,5.0756
2016-02-19T16:48:00+00:00,Counting Sampler,Aniseed Syrup,bottle,5.0567
2016-02-19T16:49:00+00:00,Counting Sampler,Aniseed Syrup,bottle,0.3345
2016-02-19T16:50:00+00:00,Counting Sampler,Aniseed Syrup,bottle,4.7042
2016-02-19T16:51:00+00:00,Counting Sampler,Aniseed Syrup,bottle,4.8176
2016-02-19T16:52:00+00:00,Counting Sampler,Aniseed Syrup,bottle,5.0322
2016-02-19T16:53:00+00:00,Counting Sampler,Aniseed Syrup,bottle,4.9495
2016-02-19T16:54:00+00:00,Counting Sampler,Aniseed Syrup,bottle,4.938
2016-02-19T16:55:00+00:00,Counting Sampler,Aniseed Syrup,bottle,4.8435
2016-02-19T16:56:00+00:00,Counting Sampler,Aniseed Syrup,bottle,4.6785
2016-02-19T16:57:00+00:00,Counting Sampler,Aniseed Syrup,bottle,4.9935
2016-02-19T16:58:00+00:00,Counting Sampler,Aniseed Syrup,bottle,5.3271
2016-02-19T16:59:00+00:00,Counting Sampler,Aniseed Syrup,bottle,5.3085
2016-02-19T17:00:00+00:00,Counting Sampler,Aniseed Syrup,bottle,5.0765
2016-02-19T17:01:00+00:00,Counting Sampler,Aniseed Syrup,bottle,5.0044
2016-02-19T17:02:00+00:00,Counting Sampler,Aniseed Syrup,bottle,4.6605
2016-02-19T17:03:00+00:00,Counting Sampler,Aniseed Syrup,bottle,4.392
2016-02-19T17:04:00+00:00,Counting Sampler,Aniseed Syrup,bottle,0.7635
2016-02-19T17:05:00+00:00,Counting Sampler,Aniseed Syrup,bottle,4.6469
2016-02-19T17:06:00+00:00,Counting Sampler,Aniseed Syrup,bottle,0.2976
2016-02-19T17:07:00+00:00,Counting Sampler,Aniseed Syrup,bottle,4.9553
2016-02-19T17:08:00+00:00,Counting Sampler,Aniseed Syrup,bottle,5.1438
2016-02-19T17:09:00+00:00,Counting Sampler,Aniseed Syrup,bottle,4.9125
2016-02-19T17:10:00+00:00,Counting Sampler,Aniseed Syrup,bottle,5.0465
2016-02-19T17:11:00+00:00,Counting Sampler,Aniseed Syrup,bottle,4.8844
2016-02-19T17:12:00+00:00,Counting Sampler,Aniseed Syrup,bottle,5.1902
2016-02-19T17:13:00+00:00,Counting Sampler,Aniseed Syrup,bottle,5.0931
2016-02-19T17:14:00+00:00,Counting Sampler,Aniseed Syrup,bottle,5.0291
2016-02-19T17:15:00+00:00,Counting Sampler,Aniseed Syrup,bottle,5.1695
2016-02-19T17:16:00+00:00,Counting Sampler,Aniseed Syrup,bottle,5.0073
2016-02-19T17:17:00+00:00,Counting Sampler,Aniseed Syrup,bottle,2.8816
2016-02-19T17:18:00+00:00,Counting Sampler,Aniseed Syrup,bottle,2.1002
2016-02-19T17:19:00+00:00,Counting Sampler,Aniseed Syrup,bottle,4.8471
2016-02-19T17:20:00+00:00,Counting Sampler,Aniseed Syrup,bottle,0.5156
2016-02-19T17:21:00+00:00,Counting Sampler,Aniseed Syrup,bottle,0.7444
2016-02-19T17:22:00+00:00,Counting Sampler,Aniseed Syrup,bottle,4.0536
2016-02-19T17:23:00+00:00,Counting Sampler,Aniseed Syrup,bottle,5.068
2016-02-19T17:24:00+00:00,Counting Sampler,Aniseed Syrup,bottle,4.7009
2016-02-19T17:25:00+00:00,Counting Sampler,Aniseed Syrup,bottle,5.0707
2016-02-19T17:26:00+00:00,Counting Sampler,Aniseed Syrup,bottle,0.0895
2016-02-19T17:27:00+00:00,Counting Sampler,Aniseed Syrup,bottle,4.9704
2016-02-19T17:28:00+00:00,Counting Sampler,Aniseed Syrup,bottle,5.0027
2016-02-19T17:29:00+00:00,Counting Sampler,Aniseed Syrup,bottle,4.8322
2016-02-19T17:30:00+00:00,Counting Sampler,Aniseed Syrup,bottle,5.27
2016-02-19T17:31:00+00:00,Counting Sampler,Aniseed Syrup,bottle,5.1089
2016-02-19T17:32:00+00:00,Counting Sampler,Aniseed Syrup,bottle,0.4371
2016-02-19T17:33:00+00:00,Counting Sampler,Aniseed Syrup,bottle,4.5796
2016-02-19T17:34:00+00:00,Counting Sampler,Aniseed Syrup,bottle,4.9124
2016-02-19T17:35:00+00:00,Counting Sampler,Aniseed Syrup,bottle,5.0753
2016-02-19T17:36:00+00:00,Counting Sampler,Aniseed Syrup,bottle,4.8849
2016-02-19T17:37:00+00:00,Counting Sampler,Aniseed Syrup,bottle,4.9411
2016-02-19T17:38:00+00:00,Counting Sampler,Aniseed Syrup,bottle,5.2156
2016-02-19T17:39:00+00:00,Counting Sampler,Aniseed Syrup,bottle,4.5545
2016-02-19T17:40:00+00:00,Counting Sampler,Aniseed Syrup,bottle,0.4698
2016-02-19T17:41:00+00:00,Counting Sampler,Aniseed Syrup,bottle,4.8418
2016-02-19T17:42:00+00:00,Counting Sampler,Aniseed Syrup,bottle,5.0304
2016-02-19T17:43:00+00:00,Counting Sampler,Aniseed Syrup,bottle,4.7336
2016-02-19T17:44:00+00:00,Counting Sampler,Aniseed Syrup,bottle,4.9175
2016-02-19T17:45:00+00:00,Counting Sampler,Aniseed Syrup,bottle,5.098
2016-02-19T17:46:00+00:00,Counting Sampler,Aniseed Syrup,bottle,5.0842
2016-02-19T17:47:00+00:00,Counting Sampler,Aniseed Syrup,bottle,4.9513
2016-02-19T17:48:00+00:00,Counting Sampler,Aniseed Syrup,bottle,4.876
2016-02-19T17:49:00+00:00,Counting Sampler,Aniseed Syrup,bottle,5.1142
2016-02-19T17:50:00+00:00,Counting Sampler,Aniseed Syrup,bottle,5.1635
2016-02-19T17:51:00+00:00,Counting Sampler,Aniseed Syrup,bottle,4.9713
2016-02-19T17:52:00+00:00,Counting Sampler,Aniseed Syrup,bottle,5.2745
2016-02-19T17:53:00+00:00,Counting Sampler,Aniseed Syrup,bottle,5.012
2016-02-19T17:54:00+00:00,Counting Sampler,Aniseed Syrup,bottle,5.002
2016-02-19T17:55:00+00:00,Counting Sampler,Aniseed Syrup,bottle,4.9611
2016-02-19T17:56:00+00:00,Counting Sampler,Aniseed Syrup,bottle,4.7051
2016-02-19T17:57:00+00:00,Counting Sampler,Aniseed Syrup,bottle,5.1529
2016-02-19T17:58:00+00:00,Counting Sampler,Aniseed Syrup,bottle,5.0918
2016-02-19T17:59:00+00:00,Counting Sampler,Aniseed Syrup,bottle,4.8429
2016-02-19T18:00:00+00:00,Counting Sampler,Aniseed Syrup,bottle,4.9947
2016-02-19T18:01:00+00:00,Counting Sampler,Aniseed Syrup,bottle,3.2731
2016-02-19T18:02:00+00:00,Counting Sampler,Aniseed Syrup,bottle,1.9229
2016-02-19T18:03:00+00:00,Counting Sampler,Aniseed Syrup,bottle,4.8622
2016-02-19T18:04:00+00:00,Counting Sampler,Aniseed Syrup,bottle,5.1165
2016-02-19T18:05:00+00:00,Counting Sampler,Aniseed Syrup,bottle,4.9364
2016-02-19T18:06:00+00:00,Counting Sampler,Aniseed Syrup,bottle,1.9036
2016-02-19T18:07:00+00:00,Counting Sampler,Aniseed Syrup,bottle,3.1662
2016-02-19T18:08:00+00:00,Counting Sampler,Aniseed Syrup,bottle,4.9262
2016-02-19T18:09:00+00:00,Counting Sampler,Aniseed Syrup,bottle,5.12
2016-02-19T18:10:00+00:00,Counting Sampler,Aniseed Syrup,bottle,4.9924
2016-02-19T18:11:00+00:00,Counting Sampler,Aniseed Syrup,bottle,5.1504
2016-02-19T18:12:00+00:00,Counting Sampler,Aniseed Syrup,bottle,3.7982
2016-02-19T18:13:00+00:00,Counting Sampler,Aniseed Syrup,bottle,1.1182
2016-02-19T18:14:00+00:00,Counting Sampler,Aniseed Syrup,bottle,5.3435
2016-02-19T18:15:00+00:00,Counting Sampler,Aniseed Syrup,bottle,5.0311
2016-02-19T18:16:00+00:00,Counting Sampler,Aniseed Syrup,bottle,4.3062
2016-02-19T18:17:00+00:00,Counting Sampler,Aniseed Syrup,bottle,0.5344
2016-02-19T18:18:00+00:00,Counting Sampler,Aniseed Syrup,bottle,4.9853
2016-02-19T18:19:00+00:00,Counting Sampler,Aniseed Syrup,bottle,4.7751
2016-02-19T18:20:00+00:00,Counting Sampler,Aniseed Syrup,bottle,5.1802
2016-02-19T18:21:00+00:00,Counting Sampler,Aniseed Syrup,bottle,1.0155
2016-02-19T18:22:00+00:00,Counting Sampler,Aniseed Syrup,bottle,3.898
2016-02-19T18:23:00+00:00,Counting Sampler,Aniseed Syrup,bottle,4.756
2016-02-19T18:24:00+00:00,Counting Sampler,Aniseed Syrup,bottle,4.9496
2016-02-19T18:25:00+00:00,Counting Sampler,Aniseed Syrup,bottle,4.8691
2016-02-19T18:26:00+00:00,Counting Sampler,Aniseed Syrup,bottle,4.8947
2016-02-19T18:27:00+00:00,Counting Sampler,Aniseed Syrup,bottle,5.0104
2016-02-19T18:28:00+00:00,Counting Sampler,Aniseed Syrup,bottle,5.1709
2016-02-19T18:29:00+00:00,Counting Sampler,Aniseed Syrup,bottle,5.0316
2016-02-19T18:30:00+00:00,Counting Sampler,Aniseed Syrup,bottle,4.8151
2016-02-19T18:31:00+00:00,Counting Sampler,Aniseed Syrup,bottle,4.9547
2016-02-19T18:32:00+00:00,Counting Sampler,Aniseed Syrup,bottle,5.06
2016-02-19T18:33:00+00:00,Counting Sampler,Aniseed Syrup,bottle,5.2653
2016-02-19T18:34:00+00:00,Counting Sampler,Aniseed Syrup,bottle,5.1813
2016-02-19T18:35:00+00:00,Counting Sampler,Aniseed Syrup,bottle,4.2602
2016-02-19T18:36:00+00:00,Counting Sampler,Aniseed Syrup,bottle,0.6649
2016-02-19T18:37:00+00:00,Counting Sampler,Aniseed Syrup,bottle,4.8385
2016-02-19T18:38:00+00:00,Counting Sampler,Aniseed Syrup,bottle,5.1182
2016-02-19T18:39:00+00:00,Counting Sampler,Aniseed Syrup,bottle,5.176
2016-02-19T18:40:00+00:00,Counting Sampler,Aniseed Syrup,bottle,5.2413
2016-02-19T18:41:00+00:00,Counting Sampler,Aniseed Syrup,bottle,5.2396
2016-02-19T18:42:00+00:00,Counting Sampler,Aniseed Syrup,bottle,4.9473
2016-02-19T18:43:00+00:00,Counting Sampler,Aniseed Syrup,bottle,4.8818
2016-02-19T18:44:00+00:00,Counting Sampler,Aniseed Syrup,bottle,5.3507
2016-02-19T18:45:00+00:00,Counting Sampler,Aniseed Syrup,bottle,5.126
2016-02-19T18:46:00+00:00,Counting Sampler,Aniseed Syrup,bottle,4.864
2016-02-19T18:47:00+00:00,Counting Sampler,Aniseed Syrup,bottle,4.96
2016-02-19T18:48:00+00:00,Counting Sampler,Aniseed Syrup,bottle,5.2936
2016-02-19T18:49:00+00:00,Counting Sampler,Aniseed Syrup,bottle,5.0849
2016-02-19T18:50:00+00:00,Counting Sampler,Aniseed Syrup,bottle,5.18
2016-02-19T18:51:00+00:00,Counting Sampler,Aniseed Syrup,bottle,4.9016
2016-02-19T18:52:00+00:00,Counting Sampler,Aniseed Syrup,bottle,4.7885
2016-02-19T18:53:00+00:00,Counting Sampler,Aniseed Syrup,bottle,4.9222
2016-02-19T18:54:00+00:00,Counting Sampler,Aniseed Syrup,bottle,4.7236
2016-02-19T18:55:00+00:00,Counting Sampler,Aniseed Syrup,bottle,4.8593
2016-02-19T18:56:00+00:00,Counting Sampler,Aniseed Syrup,bottle,5.0533
2016-02-19T18:57:00+00:00,Counting Sampler,Aniseed Syrup,bottle,4.8113
2016-02-19T18:58:00+00:00,Counting Sampler,Aniseed Syrup,bottle,5.2356
2016-02-19T18:59:00+00:00,Counting Sampler,Aniseed Syrup,bottle,4.9836
2016-02-19T19:00:00+00:00,Counting Sampler,Aniseed Syrup,bottle,5.1149
2016-02-19T19:01:00+00:00,Counting Sampler,Aniseed Syrup,bottle,5.0218
2016-02-19T19:02:00+00:00,Counting Sampler,Aniseed Syrup,bottle,4.7998
2016-02-19T19:03:00+00:00,Counting Sampler,Aniseed Syrup,bottle,4.8718
2016-02-19T19:04:00+00:00,Counting Sampler,Aniseed Syrup,bottle,5.0291
2016-02-19T19:05:00+00:00,Counting Sampler,Aniseed Syrup,bottle,5.1171
2016-02-19T19:06:00+00:00,Counting Sampler,Aniseed Syrup,bottle,0.7085
2016-02-19T19:07:00+00:00,Counting Sampler,Aniseed Syrup,bottle,4.4298
2016-02-19T19:08:00+00:00,Counting Sampler,Aniseed Syrup,bottle,4.9687
2016-02-19T19:09:00+00:00,Counting Sampler,Aniseed Syrup,bottle,5.1131
2016-02-19T19:10:00+00:00,Counting Sampler,Aniseed Syrup,bottle,5.1847
2016-02-19T19:11:00+00:00,Counting Sampler,Aniseed Syrup,bottle,2.4933
2016-02-19T19:12:00+00:00,Counting Sampler,Aniseed Syrup,bottle,1.3018
2016-02-19T19:13:00+00:00,Counting Sampler,Aniseed Syrup,bottle,1.3415
2016-02-19T19:14:00+00:00,Counting Sampler,Aniseed Syrup,bottle,4.862
2016-02-19T19:15:00+00:00,Counting Sampler,Aniseed Syrup,bottle,4.7527
2016-02-19T19:16:00+00:00,Counting Sampler,Aniseed Syrup,bottle,4.8916
2016-02-19T19:17:00+00:00,Counting Sampler,Aniseed Syrup,bottle,5.0136
2016-02-19T19:18:00+00:00,Counting Sampler,Aniseed Syrup,bottle,0
2016-02-19T19:19:00+00:00,Counting Sampler,Aniseed Syrup,bottle,5.0498
2016-02-19T19:20:00+00:00,Counting Sampler,Aniseed Syrup,bottle,5.026
2016-02-19T19:21:00+00:00,Counting Sampler,Aniseed Syrup,bottle,4.9704
2016-02-19T19:22:00+00:00,Counting Sampler,Aniseed Syrup,bottle,5.2091
2016-02-19T19:23:00+00:00,Counting Sampler,Aniseed Syrup,bottle,4.9527
2016-02-19T19:24:00+00:00,Counting Sampler,Aniseed Syrup,bottle,4.8744
2016-02-19T19:25:00+00:00,Counting Sampler,Aniseed Syrup,bottle,4.8164
2016-02-19T19:26:00+00:00,Counting Sampler,Aniseed Syrup,bottle,4.9105
2016-02-19T19:27:00+00:00,Counting Sampler,Aniseed Syrup,bottle,5.0613
2016-02-19T19:28:00+00:00,Counting Sampler,Aniseed Syrup,bottle,4.8822
2016-02-19T19:29:00+00:00,Counting Sampler,Aniseed Syrup,bottle,0.2258
2016-02-19T19:30:00+00:00,Counting Sampler,Aniseed Syrup,bottle,4.7924
2016-02-19T19:31:00+00:00,Counting Sampler,Aniseed Syrup,bottle,4.7285
2016-02-19T19:32:00+00:00,Counting Sampler,Aniseed Syrup,bottle,4.9416
2016-02-19T19:33:00+00:00,Counting Sampler,Aniseed Syrup,bottle,4.93
2016-02-19T19:34:00+00:00,Counting Sampler,Aniseed Syrup,bottle,5.0098
2016-02-19T19:35:00+00:00,Counting Sampler,Aniseed Syrup,bottle,4.9227
2016-02-19T19:36:00+00:00,Counting Sampler,Aniseed Syrup,bottle,5.3047
2016-02-19T19:37:00+00:00,Counting Sampler,Aniseed Syrup,bottle,5.1602
2016-02-19T19:38:00+00:00,Counting Sampler,Aniseed Syrup,bottle,4.8965
2016-02-19T19:39:00+00:00,Counting Sampler,Aniseed Syrup,bottle,5.1709
2016-02-19T19:40:00+00:00,Counting Sampler,Aniseed Syrup,bottle,2.7725
2016-02-19T19:41:00+00:00,Counting Sampler,Aniseed Syrup,bottle,1.9787
2016-02-19T19:42:00+00:00,Counting Sampler,Aniseed Syrup,bottle,5.0378
2016-02-19T19:43:00+00:00,Counting Sampler,Aniseed Syrup,bottle,5.0938
2016-02-19T19:44:00+00:00,Counting Sampler,Aniseed Syrup,bottle,5.0849
2016-02-19T19:45:00+00:00,Counting Sampler,Aniseed Syrup,bottle,0.4287
2016-02-19T19:46:00+00:00,Counting Sampler,Aniseed Syrup,bottle,4.256
2016-02-19T19:47:00+00:00,Counting Sampler,Aniseed Syrup,bottle,4.0338
2016-02-19T19:48:00+00:00,Counting Sampler,Aniseed Syrup,bottle,1.0575
2016-02-19T19:49:00+00:00,Counting Sampler,Aniseed Syrup,bottle,5.0602
2016-02-19T19:50:00+00:00,Counting Sampler,Aniseed Syrup,bottle,4.9602
2016-02-19T19:51:00+00:00,Counting Sampler,Aniseed Syrup,bottle,5.0658
2016-02-19T19:52:00+00:00,Counting Sampler,Aniseed Syrup,bottle,5.0485
2016-02-19T19:53:00+00:00,Counting Sampler,Aniseed Syrup,bottle,5.2578
2016-02-19T19:54:00+00:00,Counting Sampler,Aniseed Syrup,bottle,4.9953
2016-02-19T19:55:00+00:00,Counting Sampler,Aniseed Syrup,bottle,4.948
2016-02-19T19:56:00+00:00,Counting Sampler,Aniseed Syrup,bottle,4.8084
2016-02-19T19:57:00+00:00,Counting Sampler,Aniseed Syrup,bottle,4.8333
2016-02-19T19:58:00+00:00,Counting Sampler,Aniseed Syrup,bottle,0.3671
2016-02-19T19:59:00+00:00,Counting Sampler,Aniseed Syrup,bottle,5.0147
2016-02-19T20:00:00+00:00,Counting Sampler,Aniseed Syrup,bottle,5.2142
2016-02-19T20:01:00+00:00,Counting Sampler,Aniseed Syrup,bottle,5.0196
2016-02-19T20:02:00+00:00,Counting Sampler,Aniseed Syrup,bottle,1.9205
2016-02-19T20:03:00+00:00,Counting Sampler,Aniseed Syrup,bottle,2.8958
2016-02-19T20:04:00+00:00,Counting Sampler,Aniseed Syrup,bottle,3.1438
2016-02-19T20:05:00+00:00,Counting Sampler,Aniseed Syrup,bottle,1.7342
2016-02-19T20:06:00+00:00,Counting Sampler,Aniseed Syrup,bottle,4.8031
2016-02-19T20:07:00+00:00,Counting Sampler,Aniseed Syrup,bottle,4.7556
2016-02-19T20:08:00+00:00,Counting Sampler,Aniseed Syrup,bottle,5.2424
2016-02-19T20:09:00+00:00,Counting Sampler,Aniseed Syrup,bottle,4.6587
2016-02-19T20:10:00+00:00,Counting Sampler,Aniseed Syrup,bottle,0.5565
2016-02-19T20:11:00+00:00,Counting Sampler,Aniseed Syrup,bottle,5.1693
2016-02-19T20:12:00+00:00,Counting Sampler,Aniseed Syrup,bottle,5.2405
2016-02-19T20:13:00+00:00,Counting Sampler,Aniseed Syrup,bottle,5.2056
2016-02-19T20:14:00+00:00,Counting Sampler,Aniseed Syrup,bottle,5.0404
2016-02-19T20:15:00+00:00,Counting Sampler,Aniseed Syrup,bottle,5.0207
2016-02-19T20:16:00+00:00,Counting Sampler,Aniseed Syrup,bottle,4.99
2016-02-19T20:17:00+00:00,Counting Sampler,Aniseed Syrup,bottle,0
2016-02-19T20:18:00+00:00,Counting Sampler,Aniseed Syrup,bottle,5.2144
2016-02-19T20:19:00+00:00,Counting Sampler,Aniseed Syrup,bottle,5.0751
2016-02-19T20:20:00+00:00,Counting Sampler,Aniseed Syrup,bottle,5.2911
2016-02-19T20:21:00+00:00,Counting Sampler,Aniseed Syrup,bottle,5.1478
2016-02-19T20:22:00+00:00,Counting Sampler,Aniseed Syrup,bottle,5.0387
2016-02-19T20:23:00+00:00,Counting Sampler,Aniseed Syrup,bottle,5.0736
2016-02-19T20:24:00+00:00,Counting Sampler,Aniseed Syrup,bottle,4.8651
2016-02-19T20:25:00+00:00,Counting Sampler,Aniseed Syrup,bottle,4.7024
2016-02-19T20:26:00+00:00,Counting Sampler,Aniseed Syrup,bottle,4.984
2016-02-19T20:27:00+00:00,Counting Sampler,Aniseed Syrup,bottle,4.94
2016-02-19T20:28:00+00:00,Counting Sampler,Aniseed Syrup,bottle,5.1396
2016-02-19T20:29:00+00:00,Counting Sampler,Aniseed Syrup,bottle,5.0169
2016-02-19T20:30:00+00:00,Counting Sampler,Aniseed Syrup,bottle,5.0833
2016-02-19T20:31:00+00:00,Counting Sampler,Aniseed Syrup,bottle,4.8107
2016-02-19T20:32:00+00:00,Counting Sampler,Aniseed Syrup,bottle,4.6651
2016-02-19T20:33:00+00:00,Counting Sampler,Aniseed Syrup,bottle,4.9025
2016-02-19T20:34:00+00:00,Counting Sampler,Aniseed Syrup,bottle,4.9778
2016-02-19T20:35:00+00:00,Counting Sampler,Aniseed Syrup,bottle,4.8145
2016-02-19T20:36:00+00:00,Counting Sampler,Aniseed Syrup,bottle,4.8949
2016-02-19T20:37:00+00:00,Counting Sampler,Aniseed Syrup,bottle,5.0489
2016-02-19T20:38:00+00:00,Counting Sampler,Aniseed Syrup,bottle,4.8405
2016-02-19T20:39:00+00:00,Counting Sampler,Aniseed Syrup,bottle,5.1278
2016-02-19T20:40:00+00:00,Counting Sampler,Aniseed Syrup,bottle,5.0267
2016-02-19T20:41:00+00:00,Counting Sampler,Aniseed Syrup,bottle,5.0393
2016-02-19T20:42:00+00:00,Counting Sampler,Aniseed Syrup,bottle,4.992
2016-02-19T20:43:00+00:00,Counting Sampler,Aniseed Syrup,bottle,4.8516
2016-02-19T20:44:00+00:00,Counting Sampler,Aniseed Syrup,bottle,5.0429
2016-02-19T20:45:00+00:00,Counting Sampler,Aniseed Syrup,bottle,5.1527
2016-02-19T20:46:00+00:00,Counting Sampler,Aniseed Syrup,bottle,1.9453
2016-02-19T20:47:00+00:00,Counting Sampler,Aniseed Syrup,bottle,2.8153
2016-02-19T20:48:00+00:00,Counting Sampler,Aniseed Syrup,bottle,5.0096
2016-02-19T20:49:00+00:00,Counting Sampler,Aniseed Syrup,bottle,2.2596
2016-02-19T20:50:00+00:00,Counting Sampler,Aniseed Syrup,bottle,2.6235
2016-02-19T20:51:00+00:00,Counting Sampler,Aniseed Syrup,bottle,5.0795
2016-02-19T20:52:00+00:00,Counting Sampler,Aniseed Syrup,bottle,4.9911
2016-02-19T20:53:00+00:00,Counting Sampler,Aniseed Syrup,bottle,1.1078
2016-02-19T20:54:00+00:00,Counting Sampler,Aniseed Syrup,bottle,3.6347
2016-02-19T20:55:00+00:00,Counting Sampler,Aniseed Syrup,bottle,4.98
2016-02-19T20:56:00+00:00,Counting Sampler,Aniseed Syrup,bottle,4.7829
2016-02-19T20:57:00+00:00,Counting Sampler,Aniseed Syrup,bottle,4.9033
2016-02-19T20:58:00+00:00,Counting Sampler,Aniseed Syrup,bottle,5.1144
2016-02-19T20:59:00+00:00,Counting Sampler,Aniseed Syrup,bottle,4.7015
2016-02-19T21:00:00+00:00,Counting Sampler,Aniseed Syrup,bottle,1.9055
2016-02-19T21:01:00+00:00,Counting Sampler,Aniseed Syrup,bottle,2.8787
2016-02-19T21:02:00+00:00,Counting Sampler,Aniseed Syrup,bottle,4.8925
2016-02-19T21:03:00+00:00,Counting Sampler,Aniseed Syrup,bottle,5.0831
2016-02-19T21:04:00+00:00,Counting Sampler,Aniseed Syrup,bottle,4.9613
2016-02-19T21:05:00+00:00,Counting Sampler,Aniseed Syrup,bottle,0.4069
2016-02-19T21:06:00+00:00,Counting Sampler,Aniseed Syrup,bottle,4.6451
2016-02-19T21:07:00+00:00,Counting Sampler,Aniseed Syrup,bottle,5.118
2016-02-19T21:08:00+00:00,Counting Sampler,Aniseed Syrup,bottle,5.0024
2016-02-19T21:09:00+00:00,Counting Sampler,Aniseed Syrup,bottle,4.9855
2016-02-19T21:10:00+00:00,Counting Sampler,Aniseed Syrup,bottle,5.0269
2016-02-19T21:11:00+00:00,Counting Sampler,Aniseed Syrup,bottle,4.9525
2016-02-19T21:12:00+00:00,Counting Sampler,Aniseed Syrup,bottle,4.6927
2016-02-19T21:13:00+00:00,Counting Sampler,Aniseed Syrup,bottle,4.8627
2016-02-19T21:14:00+00:00,Counting Sampler,Aniseed Syrup,bottle,4.7929
2016-02-19T21:15:00+00:00,Counting Sampler,Aniseed Syrup,bottle,4.8845
2016-02-19T21:16:00+00:00,Counting Sampler,Aniseed Syrup,bottle,4.9535
2016-02-19T21:17:00+00:00,Counting Sampler,Aniseed Syrup,bottle,5.0398
2016-02-19T21:18:00+00:00,Counting Sampler,Aniseed Syrup,bottle,5.0484
2016-02-19T21:19:00+00:00,Counting Sampler,Aniseed Syrup,bottle,4.9015
2016-02-19T21:20:00+00:00,Counting Sampler,Aniseed Syrup,bottle,4.7864
2016-02-19T21:21:00+00:00,Counting Sampler,Aniseed Syrup,bottle,5.1705
2016-02-19T21:22:00+00:00,Counting Sampler,Aniseed Syrup,bottle,5.0473
2016-02-19T21:23:00+00:00,Counting Sampler,Aniseed Syrup,bottle,4.9713
2016-02-19T21:24:00+00:00,Counting Sampler,Aniseed Syrup,bottle,5.0505
2016-02-19T21:25:00+00:00,Counting Sampler,Aniseed Syrup,bottle,4.9742
2016-02-19T21:26:00+00:00,Counting Sampler,Aniseed Syrup,bottle,4.8636
2016-02-19T21:27:00+00:00,Counting Sampler,Aniseed Syrup,bottle,5.0753
2016-02-19T21:28:00+00:00,Counting Sampler,Aniseed Syrup,bottle,5.1509
2016-02-19T21:29:00+00:00,Counting Sampler,Aniseed Syrup,bottle,2.0378
2016-02-19T21:30:00+00:00,Counting Sampler,Aniseed Syrup,bottle,2.8929
2016-02-19T21:31:00+00:00,Counting Sampler,Aniseed Syrup,bottle,5.0847
2016-02-19T21:32:00+00:00,Counting Sampler,Aniseed Syrup,bottle,5.1327
2016-02-19T21:33:00+00:00,Counting Sampler,Aniseed Syrup,bottle,5.3085
2016-02-19T21:34:00+00:00,Counting Sampler,Aniseed Syrup,bottle,1.0831
2016-02-19T21:35:00+00:00,Counting Sampler,Aniseed Syrup,bottle,3.6227
2016-02-19T21:36:00+00:00,Counting Sampler,Aniseed Syrup,bottle,5.0909
2016-02-19T21:37:00+00:00,Counting Sampler,Aniseed Syrup,bottle,5.0531
2016-02-19T21:38:00+00:00,Counting Sampler,Aniseed Syrup,bottle,4.516
2016-02-19T21:39:00+00:00,Counting Sampler,Aniseed Syrup,bottle,0.2196
2016-02-19T21:40:00+00:00,Counting Sampler,Aniseed Syrup,bottle,5.1322
2016-02-19T21:41:00+00:00,Counting Sampler,Aniseed Syrup,bottle,2.0935
2016-02-19T21:42:00+00:00,Counting Sampler,Aniseed Syrup,bottle,3.0864
2016-02-19T21:43:00+00:00,Counting Sampler,Aniseed Syrup,bottle,4.9447
2016-02-19T21:44:00+00:00,Counting Sampler,Aniseed Syrup,bottle,5.1669
2016-02-19T21:45:00+00:00,Counting Sampler,Aniseed Syrup,bottle,4.8904
2016-02-19T21:46:00+00:00,Counting Sampler,Aniseed Syrup,bottle,5.0316
2016-02-19T21:47:00+00:00,Counting Sampler,Aniseed Syrup,bottle,5.1045
2016-02-19T21:48:00+00:00,Counting Sampler,Aniseed Syrup,bottle,5.0504
2016-02-19T21:49:00+00:00,Counting Sampler,Aniseed Syrup,bottle,4.9642
2016-02-19T21:50:00+00:00,Counting Sampler,Aniseed Syrup,bottle,4.9153
2016-02-19T21:51:00+00:00,Counting Sampler,Aniseed Syrup,bottle,5.4907
2016-02-19T21:52:00+00:00,Counting Sampler,Aniseed Syrup,bottle,0.1524
2016-02-19T21:53:00+00:00,Counting Sampler,Aniseed Syrup,bottle,4.7827
2016-02-19T21:54:00+00:00,Counting Sampler,Aniseed Syrup,bottle,4.9745
2016-02-19T21:55:00+00:00,Counting Sampler,Aniseed Syrup,bottle,5.0169
2016-02-19T21:56:00+00:00,Counting Sampler,Aniseed Syrup,bottle,4.9756
2016-02-19T21:57:00+00:00,Counting Sampler,Aniseed Syrup,bottle,4.5489
2016-02-19T21:58:00+00:00,Counting Sampler,Aniseed Syrup,bottle,4.8555
2016-02-19T21:59:00+00:00,Counting Sampler,Aniseed Syrup,bottle,4.9925
2016-02-19T22:00:00+00:00,Counting Sampler,Aniseed Syrup,bottle,4.9727
2016-02-19T22:01:00+00:00,Counting Sampler,Aniseed Syrup,bottle,4.8913
2016-02-19T22:02:00+00:00,Counting Sampler,Aniseed Syrup,bottle,5.0133
2016-02-19T22:03:00+00:00,Counting Sampler,Aniseed Syrup,bottle,2.5889
2016-02-19T22:04:00+00:00,Counting Sampler,Aniseed Syrup,bottle,2.6624
2016-02-19T22:05:00+00:00,Counting Sampler,Aniseed Syrup,bottle,5.2649
2016-02-19T22:06:00+00:00,Counting Sampler,Aniseed Syrup,bottle,1.7555
2016-02-19T22:07:00+00:00,Counting Sampler,Aniseed Syrup,bottle,3.2475
2016-02-19T22:08:00+00:00,Counting Sampler,Aniseed Syrup,bottle,4.7002
2016-02-19T22:09:00+00:00,Counting Sampler,Aniseed Syrup,bottle,2.9551
2016-02-19T22:10:00+00:00,Counting Sampler,Aniseed Syrup,bottle,2.1087
2016-02-19T22:11:00+00:00,Counting Sampler,Aniseed Syrup,bottle,5.0398
2016-02-19T22:12:00+00:00,Counting Sampler,Aniseed Syrup,bottle,5.0904
2016-02-19T22:13:00+00:00,Counting Sampler,Aniseed Syrup,bottle,5.2389
2016-02-19T22:14:00+00:00,Counting Sampler,Aniseed Syrup,bottle,5.2104
2016-02-19T22:15:00+00:00,Counting Sampler,Aniseed Syrup,bottle,5.0311
2016-02-19T22:16:00+00:00,Counting Sampler,Aniseed Syrup,bottle,5.0318
2016-02-19T22:17:00+00:00,Counting Sampler,Aniseed Syrup,bottle,4.7484
2016-02-19T22:18:00+00:00,Counting Sampler,Aniseed Syrup,bottle,5.0251
2016-02-19T22:19:00+00:00,Counting Sampler,Aniseed Syrup,bottle,5.0662
2016-02-19T22:20:00+00:00,Counting Sampler,Aniseed Syrup,bottle,4.9735
2016-02-19T22:21:00+00:00,Counting Sampler,Aniseed Syrup,bottle,4.914
2016-02-19T22:22:00+00:00,Counting Sampler,Aniseed Syrup,bottle,4.9998
2016-02-19T22:23:00+00:00,Counting Sampler,Aniseed Syrup,bottle,5.1647
2016-02-19T22:24:00+00:00,Counting Sampler,Aniseed Syrup,bottle,4.9067
2016-02-19T22:25:00+00:00,Counting Sampler,Aniseed Syrup,bottle,4.9669
2016-02-19T22:26:00+00:00,Counting Sampler,Aniseed Syrup,bottle,5.1162
2016-02-19T22:27:00+00:00,Counting Sampler,Aniseed Syrup,bottle,3.6547
2016-02-19T22:28:00+00:00,Counting Sampler,Aniseed Syrup,bottle,1.2773
2016-02-19T22:29:00+00:00,Counting Sampler,Aniseed Syrup,bottle,4.8507
2016-02-19T22:30:00+00:00,Counting Sampler,Aniseed Syrup,bottle,4.7491
2016-02-19T22:31:00+00:00,Counting Sampler,Aniseed Syrup,bottle,5.1365
2016-02-19T22:32:00+00:00,Counting Sampler,Aniseed Syrup,bottle,4.9427
2016-02-19T22:33:00+00:00,Counting Sampler,Aniseed Syrup,bottle,5.0167
2016-02-19T22:34:00+00:00,Counting Sampler,Aniseed Syrup,bottle,5.004
2016-02-19T22:35:00+00:00,Counting Sampler,Aniseed Syrup,bottle,0.2107
2016-02-19T22:36:00+00:00,Counting Sampler,Aniseed Syrup,bottle,4.9176
2016-02-19T22:37:00+00:00,Counting Sampler,Aniseed Syrup,bottle,5.1251
2016-02-19T22:38:00+00:00,Counting Sampler,Aniseed Syrup,bottle,0.426
2016-02-19T22:39:00+00:00,Counting Sampler,Aniseed Syrup,bottle,4.2822
2016-02-19T22:40:00+00:00,Counting Sampler,Aniseed Syrup,bottle,5.0233
2016-02-19T22:41:00+00:00,Counting Sampler,Aniseed Syrup,bottle,4.9905
2016-02-19T22:42:00+00:00,Counting Sampler,Aniseed Syrup,bottle,4.8964
2016-02-19T22:43:00+00:00,Counting Sampler,Aniseed Syrup,bottle,5.09
2016-02-19T22:44:00+00:00,Counting Sampler,Aniseed Syrup,bottle,5.0305
2016-02-19T22:45:00+00:00,Counting Sampler,Aniseed Syrup,bottle,4.8071
2016-02-19T22:46:00+00:00,Counting Sampler,Aniseed Syrup,bottle,4.8662
2016-02-19T22:47:00+00:00,Counting Sampler,Aniseed Syrup,bottle,4.9427
2016-02-19T22:48:00+00:00,Counting Sampler,Aniseed Syrup,bottle,4.8922
2016-02-19T22:49:00+00:00,Counting Sampler,Aniseed Syrup,bottle,5.1233
2016-02-19T22:50:00+00:00,Counting Sampler,Aniseed Syrup,bottle,5.0689
2016-02-19T22:51:00+00:00,Counting Sampler,Aniseed Syrup,bottle,5.4444
2016-02-19T22:52:00+00:00,Counting Sampler,Aniseed Syrup,bottle,0.5195
2016-02-19T22:53:00+00:00,Counting Sampler,Aniseed Syrup,bottle,4.4458
2016-02-19T22:54:00+00:00,Counting Sampler,Aniseed Syrup,bottle,5.1409
2016-02-19T22:55:00+00:00,Counting Sampler,Aniseed Syrup,bottle,0.5924
2016-02-19T22:56:00+00:00,Counting Sampler,Aniseed Syrup,bottle,4.2795
2016-02-19T22:57:00+00:00,Counting Sampler,Aniseed Syrup,bottle,5.0433
2016-02-19T22:58:00+00:00,Counting Sampler,Aniseed Syrup,bottle,5.0455
2016-02-19T22:59:00+00:00,Counting Sampler,Aniseed Syrup,bottle,5.2156
2016-02-19T23:00:00+00:00,Counting Sampler,Aniseed Syrup,bottle,4.8073
2016-02-19T23:01:00+00:00,Counting Sampler,Aniseed Syrup,bottle,5.1469
2016-02-19T23:02:00+00:00,Counting Sampler,Aniseed Syrup,bottle,4.9144
2016-02-19T23:03:00+00:00,Counting Sampler,Aniseed Syrup,bottle,5.2371
2016-02-19T23:04:00+00:00,Counting Sampler,Aniseed Syrup,bottle,5.1933
2016-02-19T23:05:00+00:00,Counting Sampler,Aniseed Syrup,bottle,5.1922
2016-02-19T23:06:00+00:00,Counting Sampler,Aniseed Syrup,bottle,2.9989
2016-02-19T23:07:00+00:00,Counting Sampler,Aniseed Syrup,bottle,1.7489
2016-02-19T23:08:00+00:00,Counting Sampler,Aniseed Syrup,bottle,4.9242
2016-02-19T23:09:00+00:00,Counting Sampler,Aniseed Syrup,bottle,1.6278
2016-02-19T23:10:00+00:00,Counting Sampler,Aniseed Syrup,bottle,3.5236
2016-02-19T23:11:00+00:00,Counting Sampler,Aniseed Syrup,bottle,4.8213
2016-02-19T23:12:00+00:00,Counting Sampler,Aniseed Syrup,bottle,4.9907
2016-02-19T23:13:00+00:00,Counting Sampler,Aniseed Syrup,bottle,5.0907
2016-02-19T23:14:00+00:00,Counting Sampler,Aniseed Syrup,bottle,5.1509
2016-02-19T23:15:00+00:00,Counting Sampler,Aniseed Syrup,bottle,4.8229
2016-02-19T23:16:00+00:00,Counting Sampler,Aniseed Syrup,bottle,5.0635
2016-02-19T23:17:00+00:00,Counting Sampler,Aniseed Syrup,bottle,4.9713
2016-02-19T23:18:00+00:00,Counting Sampler,Aniseed Syrup,bottle,4.78
2016-02-19T23:19:00+00:00,Counting Sampler,Aniseed Syrup,bottle,5.1256
2016-02-19T23:20:00+00:00,Counting Sampler,Aniseed Syrup,bottle,4.9578
2016-02-19T23:21:00+00:00,Counting Sampler,Aniseed Syrup,bottle,5.0805
2016-02-19T23:22:00+00:00,Counting Sampler,Aniseed Syrup,bottle,5.4158
2016-02-19T23:23:00+00:00,Counting Sampler,Aniseed Syrup,bottle,5.2671
2016-02-19T23:24:00+00:00,Counting Sampler,Aniseed Syrup,bottle,5.2402
2016-02-19T23:25:00+00:00,Counting Sampler,Aniseed Syrup,bottle,5.2093
2016-02-19T23:26:00+00:00,Counting Sampler,Aniseed Syrup,bottle,1.3196
2016-02-19T23:27:00+00:00,Counting Sampler,Aniseed Syrup,bottle,3.5104
2016-02-19T23:28:00+00:00,Counting Sampler,Aniseed Syrup,bottle,5.0173
2016-02-19T23:29:00+00:00,Counting Sampler,Aniseed Syrup,bottle,5.0145
2016-02-19T23:30:00+00:00,Counting Sampler,Aniseed Syrup,bottle,5.0322
2016-02-19T23:31:00+00:00,Counting Sampler,Aniseed Syrup,bottle,4.9535
2016-02-19T23:32:00+00:00,Counting Sampler,Aniseed Syrup,bottle,5.2484
2016-02-19T23:33:00+00:00,Counting Sampler,Aniseed Syrup,bottle,5.0742
2016-02-19T23:34:00+00:00,Counting Sampler,Aniseed Syrup,bottle,5.166
2016-02-19T23:35:00+00:00,Counting Sampler,Aniseed Syrup,bottle,5.1273
2016-02-19T23:36:00+00:00,Counting Sampler,Aniseed Syrup,bottle,4.9556
2016-02-19T23:37:00+00:00,Counting Sampler,Aniseed Syrup,bottle,4.9436
2016-02-19T23:38:00+00:00,Counting Sampler,Aniseed Syrup,bottle,4.8945
2016-02-19T23:39:00+00:00,Counting Sampler,Aniseed Syrup,bottle,5.1145
2016-02-19T23:40:00+00:00,Counting Sampler,Aniseed Syrup,bottle,4.9776
2016-02-19T23:41:00+00:00,Counting Sampler,Aniseed Syrup,bottle,4.8335
2016-02-19T23:42:00+00:00,Counting Sampler,Aniseed Syrup,bottle,4.9049
2016-02-19T23:43:00+00:00,Counting Sampler,Aniseed Syrup,bottle,2.8898
2016-02-19T23:44:00+00:00,Counting Sampler,Aniseed Syrup,bottle,1.8336
2016-02-19T23:45:00+00:00,Counting Sampler,Aniseed Syrup,bottle,5.0727
2016-02-19T23:46:00+00:00,Counting Sampler,Aniseed Syrup,bottle,4.9685
2016-02-19T23:47:00+00:00,Counting Sampler,Aniseed Syrup,bottle,5.0702
2016-02-19T23:48:00+00:00,Counting Sampler,Aniseed Syrup,bottle,4.8469
2016-02-19T23:49:00+00:00,Counting Sampler,Aniseed Syrup,bottle,5.0467
2016-02-19T23:50:00+00:00,Counting Sampler,Aniseed Syrup,bottle,0
2016-02-19T23:51:00+00:00,Counting Sampler,Aniseed Syrup,bottle,4.9909
2016-02-19T23:52:00+00:00,Counting Sampler,Aniseed Syrup,bottle,4.9018
2016-02-19T23:53:00+00:00,Counting Sampler,Aniseed Syrup,bottle,4.9273
2016-02-19T23:54:00+00:00,Counting Sampler,Aniseed Syrup,bottle,5.0295
2016-02-19T23:55:00+00:00,Counting Sampler,Aniseed Syrup,bottle,1.0029
2016-02-19T23:56:00+00:00,Counting Sampler,Aniseed Syrup,bottle,3.9711
2016-02-19T23:57:00+00:00,Counting Sampler,Aniseed Syrup,bottle,4.9095
2016-02-19T23:58:00+00:00,Counting Sampler,Aniseed Syrup,bottle,2.5142
2016-02-19T23:59:00+00:00,Counting Sampler,Aniseed Syrup,bottle,2.3813
2016-02-20T00:00:00+00:00,Counting Sampler,Aniseed Syrup,bottle,5.2484
2016-02-20T00:01:00+00:00,Counting Sampler,Aniseed Syrup,bottle,5.162
2016-02-20T00:02:00+00:00,Counting Sampler,Aniseed Syrup,bottle,4.9393
2016-02-20T00:03:00+00:00,Counting Sampler,Aniseed Syrup,bottle,4.9869
2016-02-20T00:04:00+00:00,Counting Sampler,Aniseed Syrup,bottle,4.9291
2016-02-20T00:05:00+00:00,Counting Sampler,Aniseed Syrup,bottle,5.1027
